auc,mrr,ndcg@5,ndcg@10,recall@5,recall@10,recall@50,recall@100,recall@200,diversity@50,diversity@100,novelty@50,novelty@100,user_id,history_len
0.012755102040816327,0.027777777777777776,0.0,0.0,0.0,0.0,0.25,0.75,1.0,0.18,0.1,1.0,1.0,19181,21
0.005025125628140704,0.009345794392523364,0.0,0.0,0.0,0.0,0.0,0.0,1.0,0.16,0.11,1.0,1.0,21271,6
,0.0,0.0,0.0,0.0,0.0,0.0,0.0,0.0,0.08,0.07,1.0,1.0,21774,2
,0.0,0.0,0.0,0.0,0.0,0.0,0.0,0.0,0.16,0.1,1.0,1.0,22779,17
0.007575757575757576,0.07692307692307693,0.0,0.0,0.0,0.0,0.5,0.5,1.0,0.12,0.06,1.0,1.0,22895,42
,0.0,0.0,0.0,0.0,0.0,0.0,0.0,0.0,0.18,0.1,1.0,1.0,24184,60
0.005025125628140704,0.047619047619047616,0.0,0.0,0.0,0.0,1.0,1.0,1.0,0.18,0.09,1.0,1.0,25012,20
0.005025125628140704,0.0078125,0.0,0.0,0.0,0.0,0.0,0.0,1.0,0.14,0.08,1.0,1.0,25809,48
,0.0,0.0,0.0,0.0,0.0,0.0,0.0,0.0,0.14,0.08,1.0,1.0,26594,9
0.005025125628140704,0.015384615384615385,0.0,0.0,0.0,0.0,0.0,1.0,1.0,0.2,0.11,1.0,1.0,28327,18
,0.0,0.0,0.0,0.0,0.0,0.0,0.0,0.0,0.18,0.1,1.0,1.0,29497,3
,0.0,0.0,0.0,0.0,0.0,0.0,0.0,0.0,0.18,0.11,1.0,1.0,29562,11
0.005025125628140704,0.008547008547008548,0.0,0.0,0.0,0.0,0.0,0.0,1.0,0.14,0.09,1.0,1.0,29681,13
0.005025125628140704,0.02631578947368421,0.0,0.0,0.0,0.0,1.0,1.0,1.0,0.18,0.11,1.0,1.0,32222,42
0.007575757575757576,0.038461538461538464,0.0,0.0,0.0,0.0,0.5,1.0,1.0,0.2,0.11,1.0,1.0,33736,12
,0.0,0.0,0.0,0.0,0.0,0.0,0.0,0.0,0.1,0.06,1.0,1.0,34932,6
,0.0,0.0,0.0,0.0,0.0,0.0,0.0,0.0,0.14,0.08,1.0,1.0,36131,16
,0.0,0.0,0.0,0.0,0.0,0.0,0.0,0.0,0.16,0.11,1.0,1.0,37232,4
,0.0,0.0,0.0,0.0,0.0,0.0,0.0,0.0,0.18,0.11,1.0,1.0,39364,2
0.005025125628140704,0.007194244604316547,0.0,0.0,0.0,0.0,0.0,0.0,1.0,0.14,0.07,1.0,1.0,40054,4
,0.0,0.0,0.0,0.0,0.0,0.0,0.0,0.0,0.12,0.06,1.0,1.0,40071,4
0.005025125628140704,0.017857142857142856,0.0,0.0,0.0,0.0,0.0,1.0,1.0,0.16,0.1,1.0,1.0,43932,50
,0.0,0.0,0.0,0.0,0.0,0.0,0.0,0.0,0.16,0.09,1.0,1.0,44487,5
,0.0,0.0,0.0,0.0,0.0,0.0,0.0,0.0,0.14,0.08,1.0,1.0,44610,2
,0.0,0.0,0.0,0.0,0.0,0.0,0.0,0.0,0.12,0.09,1.0,1.0,45078,12
,0.0,0.0,0.0,0.0,0.0,0.0,0.0,0.0,0.14,0.07,1.0,1.0,46534,2
,0.0,0.0,0.0,0.0,0.0,0.0,0.0,0.0,0.18,0.1,1.0,1.0,48960,9
0.005025125628140704,0.00819672131147541,0.0,0.0,0.0,0.0,0.0,0.0,1.0,0.14,0.08,1.0,1.0,50306,19
0.005025125628140704,0.008771929824561403,0.0,0.0,0.0,0.0,0.0,0.0,1.0,0.16,0.1,1.0,1.0,51752,64
,0.0,0.0,0.0,0.0,0.0,0.0,0.0,0.0,0.18,0.1,1.0,1.0,59820,32
0.005025125628140704,0.025,0.0,0.0,0.0,0.0,1.0,1.0,1.0,0.16,0.09,1.0,1.0,60877,17
,0.0,0.0,0.0,0.0,0.0,0.0,0.0,0.0,0.14,0.08,1.0,1.0,61977,14
,0.0,0.0,0.0,0.0,0.0,0.0,0.0,0.0,0.16,0.1,1.0,1.0,65485,3
0.005025125628140704,0.021739130434782608,0.0,0.0,0.0,0.0,1.0,1.0,1.0,0.1,0.06,1.0,1.0,67434,3
,0.0,0.0,0.0,0.0,0.0,0.0,0.0,0.0,0.12,0.09,1.0,1.0,68235,9
,0.0,0.0,0.0,0.0,0.0,0.0,0.0,0.0,0.14,0.1,1.0,1.0,70457,2
0.007575757575757576,0.034482758620689655,0.0,0.0,0.0,0.0,0.5,0.5,1.0,0.14,0.08,1.0,1.0,71413,15
0.005025125628140704,0.007575757575757576,0.0,0.0,0.0,0.0,0.0,0.0,1.0,0.2,0.11,1.0,1.0,72259,5
,0.0,0.0,0.0,0.0,0.0,0.0,0.0,0.0,0.14,0.09,1.0,1.0,73405,8
,0.0,0.0,0.0,0.0,0.0,0.0,0.0,0.0,0.16,0.09,1.0,1.0,76658,12
0.007575757575757576,0.0136986301369863,0.0,0.0,0.0,0.0,0.0,0.5,1.0,0.14,0.11,1.0,1.0,81492,94
,0.0,0.0,0.0,0.0,0.0,0.0,0.0,0.0,0.16,0.11,1.0,1.0,82733,10
,0.0,0.0,0.0,0.0,0.0,0.0,0.0,0.0,0.04,0.06,1.0,1.0,84223,1
0.005025125628140704,0.007518796992481203,0.0,0.0,0.0,0.0,0.0,0.0,1.0,0.12,0.09,1.0,1.0,85849,9
0.007575757575757576,0.3333333333333333,0.5,0.5,0.5,0.5,1.0,1.0,1.0,0.16,0.08,1.0,1.0,88591,62
,0.0,0.0,0.0,0.0,0.0,0.0,0.0,0.0,0.1,0.07,1.0,1.0,90036,11
,0.0,0.0,0.0,0.0,0.0,0.0,0.0,0.0,0.16,0.08,1.0,1.0,95507,15
,0.0,0.0,0.0,0.0,0.0,0.0,0.0,0.0,0.12,0.11,1.0,1.0,95968,1
,0.0,0.0,0.0,0.0,0.0,0.0,0.0,0.0,0.08,0.08,1.0,1.0,96063,2
,0.0,0.0,0.0,0.0,0.0,0.0,0.0,0.0,0.16,0.1,1.0,1.0,98255,2
,0.0,0.0,0.0,0.0,0.0,0.0,0.0,0.0,0.12,0.07,1.0,1.0,102984,2
0.005025125628140704,0.005747126436781609,0.0,0.0,0.0,0.0,0.0,0.0,1.0,0.14,0.08,1.0,1.0,104262,15
,0.0,0.0,0.0,0.0,0.0,0.0,0.0,0.0,0.14,0.08,1.0,1.0,106588,20
,0.0,0.0,0.0,0.0,0.0,0.0,0.0,0.0,0.14,0.07,1.0,1.0,109259,7
0.005025125628140704,0.02127659574468085,0.0,0.0,0.0,0.0,1.0,1.0,1.0,0.2,0.11,1.0,1.0,110458,51
,0.0,0.0,0.0,0.0,0.0,0.0,0.0,0.0,0.1,0.08,1.0,1.0,112856,2
,0.0,0.0,0.0,0.0,0.0,0.0,0.0,0.0,0.1,0.08,1.0,1.0,119480,3
,0.0,0.0,0.0,0.0,0.0,0.0,0.0,0.0,0.04,0.06,1.0,1.0,122492,5
,0.0,0.0,0.0,0.0,0.0,0.0,0.0,0.0,0.18,0.11,1.0,1.0,122958,80
0.005025125628140704,0.00980392156862745,0.0,0.0,0.0,0.0,0.0,0.0,1.0,0.14,0.1,1.0,1.0,125136,12
,0.0,0.0,0.0,0.0,0.0,0.0,0.0,0.0,0.06,0.04,1.0,1.0,126068,2
,0.0,0.0,0.0,0.0,0.0,0.0,0.0,0.0,0.14,0.09,1.0,1.0,128459,6
,0.0,0.0,0.0,0.0,0.0,0.0,0.0,0.0,0.2,0.1,1.0,1.0,134166,15
0.005025125628140704,0.01639344262295082,0.0,0.0,0.0,0.0,0.0,1.0,1.0,0.16,0.1,1.0,1.0,134633,28
,0.0,0.0,0.0,0.0,0.0,0.0,0.0,0.0,0.16,0.11,1.0,1.0,135488,43
,0.0,0.0,0.0,0.0,0.0,0.0,0.0,0.0,0.14,0.1,1.0,1.0,137963,51
0.005025125628140704,0.005376344086021506,0.0,0.0,0.0,0.0,0.0,0.0,1.0,0.18,0.09,1.0,1.0,139350,41
0.005025125628140704,0.007407407407407408,0.0,0.0,0.0,0.0,0.0,0.0,1.0,0.18,0.12,1.0,1.0,141376,16
,0.0,0.0,0.0,0.0,0.0,0.0,0.0,0.0,0.16,0.1,1.0,1.0,150224,28
0.005025125628140704,0.06666666666666667,0.0,0.0,0.0,0.0,1.0,1.0,1.0,0.1,0.06,1.0,1.0,151601,30
0.005025125628140704,0.019230769230769232,0.0,0.0,0.0,0.0,0.0,1.0,1.0,0.16,0.1,1.0,1.0,152880,18
,0.0,0.0,0.0,0.0,0.0,0.0,0.0,0.0,0.12,0.09,1.0,1.0,154310,7
,0.0,0.0,0.0,0.0,0.0,0.0,0.0,0.0,0.14,0.1,1.0,1.0,158641,19
,0.0,0.0,0.0,0.0,0.0,0.0,0.0,0.0,0.04,0.07,1.0,1.0,160676,1
0.005025125628140704,0.005780346820809248,0.0,0.0,0.0,0.0,0.0,0.0,1.0,0.18,0.1,1.0,1.0,160892,24
,0.0,0.0,0.0,0.0,0.0,0.0,0.0,0.0,0.18,0.1,1.0,1.0,161514,19
,0.0,0.0,0.0,0.0,0.0,0.0,0.0,0.0,0.16,0.09,1.0,1.0,162118,3
,0.0,0.0,0.0,0.0,0.0,0.0,0.0,0.0,0.14,0.08,1.0,1.0,164544,8
0.005025125628140704,0.005025125628140704,0.0,0.0,0.0,0.0,0.0,0.0,1.0,0.12,0.08,1.0,1.0,164882,6
,0.0,0.0,0.0,0.0,0.0,0.0,0.0,0.0,0.2,0.11,1.0,1.0,166935,3
,0.0,0.0,0.0,0.0,0.0,0.0,0.0,0.0,0.12,0.09,1.0,1.0,167867,25
0.007575757575757576,0.01639344262295082,0.0,0.0,0.0,0.0,0.0,0.5,1.0,0.16,0.1,1.0,1.0,168638,39
,0.0,0.0,0.0,0.0,0.0,0.0,0.0,0.0,0.18,0.11,1.0,1.0,168769,46
,0.0,0.0,0.0,0.0,0.0,0.0,0.0,0.0,0.2,0.1,1.0,1.0,171302,6
0.005025125628140704,0.00510204081632653,0.0,0.0,0.0,0.0,0.0,0.0,1.0,0.12,0.09,1.0,1.0,171559,12
0.005025125628140704,0.009615384615384616,0.0,0.0,0.0,0.0,0.0,0.0,1.0,0.16,0.09,1.0,1.0,171777,18
,0.0,0.0,0.0,0.0,0.0,0.0,0.0,0.0,0.18,0.1,1.0,1.0,172491,22
,0.0,0.0,0.0,0.0,0.0,0.0,0.0,0.0,0.16,0.09,1.0,1.0,174464,10
,0.0,0.0,0.0,0.0,0.0,0.0,0.0,0.0,0.16,0.12,1.0,1.0,182074,38
0.01015228426395939,0.029411764705882353,0.0,0.0,0.0,0.0,0.3333333333333333,0.6666666666666666,1.0,0.14,0.07,1.0,1.0,182355,16
,0.0,0.0,0.0,0.0,0.0,0.0,0.0,0.0,0.12,0.08,1.0,1.0,187651,28
,0.0,0.0,0.0,0.0,0.0,0.0,0.0,0.0,0.18,0.09,1.0,1.0,187657,1
,0.0,0.0,0.0,0.0,0.0,0.0,0.0,0.0,0.06,0.06,1.0,1.0,188389,2
,0.0,0.0,0.0,0.0,0.0,0.0,0.0,0.0,0.14,0.09,1.0,1.0,189524,17
,0.0,0.0,0.0,0.0,0.0,0.0,0.0,0.0,0.14,0.08,1.0,1.0,192781,33
0.005025125628140704,0.007352941176470588,0.0,0.0,0.0,0.0,0.0,0.0,1.0,0.12,0.1,1.0,1.0,194623,34
0.005025125628140704,0.014705882352941176,0.0,0.0,0.0,0.0,0.0,1.0,1.0,0.16,0.1,1.0,1.0,197756,24
0.007575757575757576,0.008547008547008548,0.0,0.0,0.0,0.0,0.0,0.0,1.0,0.22,0.11,1.0,1.0,201433,101
0.007575757575757576,0.03225806451612903,0.0,0.0,0.0,0.0,0.5,1.0,1.0,0.14,0.08,1.0,1.0,202953,26
,0.0,0.0,0.0,0.0,0.0,0.0,0.0,0.0,0.08,0.09,1.0,1.0,204031,27
,0.0,0.0,0.0,0.0,0.0,0.0,0.0,0.0,0.12,0.06,1.0,1.0,206251,47
0.005025125628140704,0.011235955056179775,0.0,0.0,0.0,0.0,0.0,1.0,1.0,0.16,0.1,1.0,1.0,209258,14
0.007575757575757576,0.030303030303030304,0.0,0.0,0.0,0.0,0.5,1.0,1.0,0.2,0.11,1.0,1.0,210846,38
0.007575757575757576,0.00819672131147541,0.0,0.0,0.0,0.0,0.0,0.0,1.0,0.12,0.08,1.0,1.0,211816,4
,0.0,0.0,0.0,0.0,0.0,0.0,0.0,0.0,0.12,0.07,1.0,1.0,213347,6
,0.0,0.0,0.0,0.0,0.0,0.0,0.0,0.0,0.14,0.07,1.0,1.0,224819,1
,0.0,0.0,0.0,0.0,0.0,0.0,0.0,0.0,0.14,0.08,1.0,1.0,233459,2
,0.0,0.0,0.0,0.0,0.0,0.0,0.0,0.0,0.18,0.1,1.0,1.0,238217,5
,0.0,0.0,0.0,0.0,0.0,0.0,0.0,0.0,0.12,0.09,1.0,1.0,239513,13
,0.0,0.0,0.0,0.0,0.0,0.0,0.0,0.0,0.16,0.09,1.0,1.0,240435,34
,0.0,0.0,0.0,0.0,0.0,0.0,0.0,0.0,0.18,0.09,1.0,1.0,244218,64
0.005025125628140704,0.010869565217391304,0.0,0.0,0.0,0.0,0.0,1.0,1.0,0.2,0.1,1.0,1.0,244367,128
0.005025125628140704,0.009615384615384616,0.0,0.0,0.0,0.0,0.0,0.0,1.0,0.22,0.11,1.0,1.0,244843,30
,0.0,0.0,0.0,0.0,0.0,0.0,0.0,0.0,0.14,0.09,1.0,1.0,245353,6
0.005025125628140704,0.01818181818181818,0.0,0.0,0.0,0.0,0.0,1.0,1.0,0.12,0.12,1.0,1.0,245835,28
,0.0,0.0,0.0,0.0,0.0,0.0,0.0,0.0,0.14,0.1,1.0,1.0,247037,2
,0.0,0.0,0.0,0.0,0.0,0.0,0.0,0.0,0.22,0.11,1.0,1.0,248790,9
0.005025125628140704,0.012195121951219513,0.0,0.0,0.0,0.0,0.0,1.0,1.0,0.2,0.1,1.0,1.0,249788,25
,0.0,0.0,0.0,0.0,0.0,0.0,0.0,0.0,0.18,0.12,1.0,1.0,251902,24
,0.0,0.0,0.0,0.0,0.0,0.0,0.0,0.0,0.2,0.12,1.0,1.0,251987,15
,0.0,0.0,0.0,0.0,0.0,0.0,0.0,0.0,0.18,0.1,1.0,1.0,255480,53
,0.0,0.0,0.0,0.0,0.0,0.0,0.0,0.0,0.14,0.11,1.0,1.0,260059,15
,0.0,0.0,0.0,0.0,0.0,0.0,0.0,0.0,0.16,0.09,1.0,1.0,261181,11
0.005025125628140704,0.0055248618784530384,0.0,0.0,0.0,0.0,0.0,0.0,1.0,0.16,0.1,1.0,1.0,261530,12
0.01015228426395939,0.009708737864077669,0.0,0.0,0.0,0.0,0.0,0.0,1.0,0.16,0.08,1.0,1.0,264359,30
,0.0,0.0,0.0,0.0,0.0,0.0,0.0,0.0,0.18,0.11,1.0,1.0,268600,41
,0.0,0.0,0.0,0.0,0.0,0.0,0.0,0.0,0.16,0.1,1.0,1.0,274463,17
0.005025125628140704,0.03125,0.0,0.0,0.0,0.0,1.0,1.0,1.0,0.2,0.11,1.0,1.0,277291,25
0.005025125628140704,0.017857142857142856,0.0,0.0,0.0,0.0,0.0,1.0,1.0,0.16,0.09,1.0,1.0,279396,5
,0.0,0.0,0.0,0.0,0.0,0.0,0.0,0.0,0.1,0.06,1.0,1.0,283388,2
,0.0,0.0,0.0,0.0,0.0,0.0,0.0,0.0,0.14,0.09,1.0,1.0,285619,21
,0.0,0.0,0.0,0.0,0.0,0.0,0.0,0.0,0.14,0.1,1.0,1.0,287386,24
,0.0,0.0,0.0,0.0,0.0,0.0,0.0,0.0,0.14,0.09,1.0,1.0,289709,18
,0.0,0.0,0.0,0.0,0.0,0.0,0.0,0.0,0.1,0.08,1.0,1.0,289998,34
0.005025125628140704,0.25,0.43067655807339306,0.43067655807339306,1.0,1.0,1.0,1.0,1.0,0.14,0.07,1.0,1.0,290832,7
0.005025125628140704,0.017857142857142856,0.0,0.0,0.0,0.0,0.0,1.0,1.0,0.16,0.11,1.0,1.0,291051,51
,0.0,0.0,0.0,0.0,0.0,0.0,0.0,0.0,0.22,0.12,1.0,1.0,296759,7
,0.0,0.0,0.0,0.0,0.0,0.0,0.0,0.0,0.14,0.08,1.0,1.0,299355,21
0.005025125628140704,0.014705882352941176,0.0,0.0,0.0,0.0,0.0,1.0,1.0,0.14,0.09,1.0,1.0,301528,58
,0.0,0.0,0.0,0.0,0.0,0.0,0.0,0.0,0.16,0.11,1.0,1.0,303960,11
,0.0,0.0,0.0,0.0,0.0,0.0,0.0,0.0,0.16,0.11,1.0,1.0,307417,5
0.007575757575757576,0.045454545454545456,0.0,0.0,0.0,0.0,1.0,1.0,1.0,0.14,0.08,1.0,1.0,309336,20
0.007575757575757576,0.009900990099009901,0.0,0.0,0.0,0.0,0.0,0.0,1.0,0.12,0.09,1.0,1.0,317862,46
,0.0,0.0,0.0,0.0,0.0,0.0,0.0,0.0,0.16,0.11,1.0,1.0,325307,5
0.005025125628140704,0.022727272727272728,0.0,0.0,0.0,0.0,1.0,1.0,1.0,0.14,0.07,1.0,1.0,329462,8
,0.0,0.0,0.0,0.0,0.0,0.0,0.0,0.0,0.1,0.07,1.0,1.0,329850,2
,0.0,0.0,0.0,0.0,0.0,0.0,0.0,0.0,0.14,0.07,1.0,1.0,332521,9
0.012755102040816327,0.025,0.0,0.0,0.0,0.0,0.25,0.75,1.0,0.14,0.08,1.0,1.0,334673,3
0.005025125628140704,0.03125,0.0,0.0,0.0,0.0,1.0,1.0,1.0,0.14,0.09,1.0,1.0,335397,6
,0.0,0.0,0.0,0.0,0.0,0.0,0.0,0.0,0.14,0.09,1.0,1.0,335429,7
,0.0,0.0,0.0,0.0,0.0,0.0,0.0,0.0,0.22,0.11,1.0,1.0,336595,8
,0.0,0.0,0.0,0.0,0.0,0.0,0.0,0.0,0.12,0.07,1.0,1.0,336795,4
0.007575757575757576,0.024390243902439025,0.0,0.0,0.0,0.0,0.5,0.5,1.0,0.18,0.11,1.0,1.0,337540,67
,0.0,0.0,0.0,0.0,0.0,0.0,0.0,0.0,0.08,0.05,1.0,1.0,337595,7
,0.0,0.0,0.0,0.0,0.0,0.0,0.0,0.0,0.14,0.09,1.0,1.0,338752,17
,0.0,0.0,0.0,0.0,0.0,0.0,0.0,0.0,0.14,0.09,1.0,1.0,340170,4
,0.0,0.0,0.0,0.0,0.0,0.0,0.0,0.0,0.1,0.1,1.0,1.0,340398,6
,0.0,0.0,0.0,0.0,0.0,0.0,0.0,0.0,0.14,0.11,1.0,1.0,346921,1
,0.0,0.0,0.0,0.0,0.0,0.0,0.0,0.0,0.18,0.1,1.0,1.0,350265,24
,0.0,0.0,0.0,0.0,0.0,0.0,0.0,0.0,0.12,0.08,1.0,1.0,352658,70
0.005025125628140704,0.005494505494505495,0.0,0.0,0.0,0.0,0.0,0.0,1.0,0.18,0.11,1.0,1.0,354032,29
,0.0,0.0,0.0,0.0,0.0,0.0,0.0,0.0,0.1,0.07,1.0,1.0,359361,10
0.005025125628140704,0.01020408163265306,0.0,0.0,0.0,0.0,0.0,1.0,1.0,0.16,0.1,1.0,1.0,364113,61
,0.0,0.0,0.0,0.0,0.0,0.0,0.0,0.0,0.14,0.11,1.0,1.0,365013,27
,0.0,0.0,0.0,0.0,0.0,0.0,0.0,0.0,0.2,0.1,1.0,1.0,366407,12
0.01015228426395939,0.012987012987012988,0.0,0.0,0.0,0.0,0.0,0.6666666666666666,1.0,0.2,0.11,1.0,1.0,367419,27
,0.0,0.0,0.0,0.0,0.0,0.0,0.0,0.0,0.06,0.04,1.0,1.0,370441,17
,0.0,0.0,0.0,0.0,0.0,0.0,0.0,0.0,0.18,0.1,1.0,1.0,371722,7
0.005025125628140704,0.025,0.0,0.0,0.0,0.0,1.0,1.0,1.0,0.14,0.09,1.0,1.0,373598,33
,0.0,0.0,0.0,0.0,0.0,0.0,0.0,0.0,0.06,0.06,1.0,1.0,373971,5
0.005025125628140704,0.009615384615384616,0.0,0.0,0.0,0.0,0.0,0.0,1.0,0.16,0.09,1.0,1.0,374121,48
0.007575757575757576,0.05263157894736842,0.0,0.0,0.0,0.0,0.5,1.0,1.0,0.12,0.08,1.0,1.0,374239,22
,0.0,0.0,0.0,0.0,0.0,0.0,0.0,0.0,0.16,0.09,1.0,1.0,375609,3
,0.0,0.0,0.0,0.0,0.0,0.0,0.0,0.0,0.2,0.12,1.0,1.0,376104,2
,0.0,0.0,0.0,0.0,0.0,0.0,0.0,0.0,0.18,0.1,1.0,1.0,376441,10
0.005025125628140704,0.005917159763313609,0.0,0.0,0.0,0.0,0.0,0.0,1.0,0.16,0.11,1.0,1.0,378743,17
,0.0,0.0,0.0,0.0,0.0,0.0,0.0,0.0,0.16,0.11,1.0,1.0,379037,2
0.005025125628140704,0.006896551724137931,0.0,0.0,0.0,0.0,0.0,0.0,1.0,0.14,0.08,1.0,1.0,383378,47
,0.0,0.0,0.0,0.0,0.0,0.0,0.0,0.0,0.18,0.11,1.0,1.0,387363,8
,0.0,0.0,0.0,0.0,0.0,0.0,0.0,0.0,0.1,0.06,1.0,1.0,389743,12
,0.0,0.0,0.0,0.0,0.0,0.0,0.0,0.0,0.14,0.1,1.0,1.0,392101,13
,0.0,0.0,0.0,0.0,0.0,0.0,0.0,0.0,0.18,0.11,1.0,1.0,394345,25
,0.0,0.0,0.0,0.0,0.0,0.0,0.0,0.0,0.16,0.11,1.0,1.0,399574,3
,0.0,0.0,0.0,0.0,0.0,0.0,0.0,0.0,0.24,0.12,1.0,1.0,402756,6
,0.0,0.0,0.0,0.0,0.0,0.0,0.0,0.0,0.12,0.07,1.0,1.0,404711,8
,0.0,0.0,0.0,0.0,0.0,0.0,0.0,0.0,0.14,0.1,1.0,1.0,405547,7
,0.0,0.0,0.0,0.0,0.0,0.0,0.0,0.0,0.12,0.09,1.0,1.0,406058,14
0.005025125628140704,0.01639344262295082,0.0,0.0,0.0,0.0,0.0,1.0,1.0,0.18,0.09,1.0,1.0,407553,48
,0.0,0.0,0.0,0.0,0.0,0.0,0.0,0.0,0.16,0.1,1.0,1.0,409937,11
,0.0,0.0,0.0,0.0,0.0,0.0,0.0,0.0,0.18,0.11,1.0,1.0,411326,31
,0.0,0.0,0.0,0.0,0.0,0.0,0.0,0.0,0.2,0.1,1.0,1.0,411733,30
,0.0,0.0,0.0,0.0,0.0,0.0,0.0,0.0,0.08,0.05,1.0,1.0,412247,5
,0.0,0.0,0.0,0.0,0.0,0.0,0.0,0.0,0.24,0.12,1.0,1.0,412478,43
,0.0,0.0,0.0,0.0,0.0,0.0,0.0,0.0,0.16,0.09,1.0,1.0,413278,39
,0.0,0.0,0.0,0.0,0.0,0.0,0.0,0.0,0.14,0.09,1.0,1.0,413530,7
,0.0,0.0,0.0,0.0,0.0,0.0,0.0,0.0,0.1,0.07,1.0,1.0,413654,29
0.005025125628140704,0.011235955056179775,0.0,0.0,0.0,0.0,0.0,1.0,1.0,0.16,0.1,1.0,1.0,416399,22
0.007575757575757576,0.047619047619047616,0.0,0.0,0.0,0.0,0.5,0.5,1.0,0.18,0.09,1.0,1.0,416664,21
,0.0,0.0,0.0,0.0,0.0,0.0,0.0,0.0,0.1,0.05,1.0,1.0,416750,2
,0.0,0.0,0.0,0.0,0.0,0.0,0.0,0.0,0.18,0.09,1.0,1.0,417192,3
,0.0,0.0,0.0,0.0,0.0,0.0,0.0,0.0,0.16,0.11,1.0,1.0,420583,20
0.005025125628140704,0.011363636363636364,0.0,0.0,0.0,0.0,0.0,1.0,1.0,0.12,0.1,1.0,1.0,420668,9
,0.0,0.0,0.0,0.0,0.0,0.0,0.0,0.0,0.16,0.11,1.0,1.0,424337,1
0.007575757575757576,0.014705882352941176,0.0,0.0,0.0,0.0,0.0,0.5,1.0,0.16,0.09,1.0,1.0,425689,115
,0.0,0.0,0.0,0.0,0.0,0.0,0.0,0.0,0.16,0.1,1.0,1.0,425706,10
,0.0,0.0,0.0,0.0,0.0,0.0,0.0,0.0,0.12,0.09,1.0,1.0,429101,10
,0.0,0.0,0.0,0.0,0.0,0.0,0.0,0.0,0.16,0.09,1.0,1.0,429848,16
,0.0,0.0,0.0,0.0,0.0,0.0,0.0,0.0,0.1,0.07,1.0,1.0,431705,3
0.007575757575757576,0.00909090909090909,0.0,0.0,0.0,0.0,0.0,0.0,1.0,0.14,0.08,1.0,1.0,432292,2
,0.0,0.0,0.0,0.0,0.0,0.0,0.0,0.0,0.2,0.11,1.0,1.0,433902,35
,0.0,0.0,0.0,0.0,0.0,0.0,0.0,0.0,0.16,0.09,1.0,1.0,437714,5
0.005025125628140704,0.009345794392523364,0.0,0.0,0.0,0.0,0.0,0.0,1.0,0.22,0.11,1.0,1.0,438300,27
,0.0,0.0,0.0,0.0,0.0,0.0,0.0,0.0,0.1,0.05,1.0,1.0,438389,5
,0.0,0.0,0.0,0.0,0.0,0.0,0.0,0.0,0.18,0.11,1.0,1.0,439487,13
0.015384615384615385,0.047619047619047616,0.0,0.0,0.0,0.0,0.2,0.8,1.0,0.08,0.09,1.0,1.0,441426,38
,0.0,0.0,0.0,0.0,0.0,0.0,0.0,0.0,0.16,0.12,1.0,1.0,443990,1
,0.0,0.0,0.0,0.0,0.0,0.0,0.0,0.0,0.1,0.07,1.0,1.0,447264,2
0.005025125628140704,0.005025125628140704,0.0,0.0,0.0,0.0,0.0,0.0,1.0,0.08,0.08,1.0,1.0,447886,12
,0.0,0.0,0.0,0.0,0.0,0.0,0.0,0.0,0.08,0.06,1.0,1.0,448134,1
0.007575757575757576,0.022222222222222223,0.0,0.0,0.0,0.0,0.5,0.5,1.0,0.18,0.1,1.0,1.0,450577,17
0.005025125628140704,0.008130081300813009,0.0,0.0,0.0,0.0,0.0,0.0,1.0,0.12,0.09,1.0,1.0,453717,12
0.005025125628140704,0.008547008547008548,0.0,0.0,0.0,0.0,0.0,0.0,1.0,0.14,0.11,1.0,1.0,456623,34
,0.0,0.0,0.0,0.0,0.0,0.0,0.0,0.0,0.16,0.09,1.0,1.0,456624,17
,0.0,0.0,0.0,0.0,0.0,0.0,0.0,0.0,0.16,0.09,1.0,1.0,456749,4
0.005025125628140704,0.011764705882352941,0.0,0.0,0.0,0.0,0.0,1.0,1.0,0.18,0.11,1.0,1.0,457469,2
0.007575757575757576,0.03225806451612903,0.0,0.0,0.0,0.0,0.5,0.5,1.0,0.12,0.08,1.0,1.0,458124,36
,0.0,0.0,0.0,0.0,0.0,0.0,0.0,0.0,0.16,0.09,1.0,1.0,459098,30
0.005025125628140704,0.006369426751592357,0.0,0.0,0.0,0.0,0.0,0.0,1.0,0.14,0.08,1.0,1.0,462509,37
0.01015228426395939,0.022727272727272728,0.0,0.0,0.0,0.0,0.3333333333333333,0.3333333333333333,1.0,0.2,0.1,1.0,1.0,463733,74
,0.0,0.0,0.0,0.0,0.0,0.0,0.0,0.0,0.16,0.08,1.0,1.0,465376,7
,0.0,0.0,0.0,0.0,0.0,0.0,0.0,0.0,0.12,0.07,1.0,1.0,465858,4
,0.0,0.0,0.0,0.0,0.0,0.0,0.0,0.0,0.14,0.09,1.0,1.0,467696,4
0.005025125628140704,0.014492753623188406,0.0,0.0,0.0,0.0,0.0,1.0,1.0,0.16,0.1,1.0,1.0,467813,28
,0.0,0.0,0.0,0.0,0.0,0.0,0.0,0.0,0.12,0.08,1.0,1.0,468133,5
,0.0,0.0,0.0,0.0,0.0,0.0,0.0,0.0,0.06,0.11,1.0,1.0,469309,6
0.012755102040816327,0.05555555555555555,0.0,0.0,0.0,0.0,0.5,0.75,1.0,0.16,0.1,1.0,1.0,469460,15
0.005025125628140704,0.005988023952095809,0.0,0.0,0.0,0.0,0.0,0.0,1.0,0.18,0.09,1.0,1.0,470094,24
0.007575757575757576,0.006211180124223602,0.0,0.0,0.0,0.0,0.0,0.0,1.0,0.14,0.11,1.0,1.0,470337,9
,0.0,0.0,0.0,0.0,0.0,0.0,0.0,0.0,0.2,0.11,1.0,1.0,476345,27
,0.0,0.0,0.0,0.0,0.0,0.0,0.0,0.0,0.14,0.09,1.0,1.0,476688,18
,0.0,0.0,0.0,0.0,0.0,0.0,0.0,0.0,0.16,0.09,1.0,1.0,477103,35
,0.0,0.0,0.0,0.0,0.0,0.0,0.0,0.0,0.1,0.06,1.0,1.0,477224,1
,0.0,0.0,0.0,0.0,0.0,0.0,0.0,0.0,0.18,0.1,1.0,1.0,477614,14
,0.0,0.0,0.0,0.0,0.0,0.0,0.0,0.0,0.08,0.05,1.0,1.0,479390,7
,0.0,0.0,0.0,0.0,0.0,0.0,0.0,0.0,0.18,0.1,1.0,1.0,480559,6
0.01015228426395939,0.02564102564102564,0.0,0.0,0.0,0.0,0.3333333333333333,0.6666666666666666,1.0,0.18,0.09,1.0,1.0,481652,47
,0.0,0.0,0.0,0.0,0.0,0.0,0.0,0.0,0.14,0.09,1.0,1.0,486549,13
,0.0,0.0,0.0,0.0,0.0,0.0,0.0,0.0,0.12,0.07,1.0,1.0,492663,10
,0.0,0.0,0.0,0.0,0.0,0.0,0.0,0.0,0.14,0.11,1.0,1.0,494679,1
0.005025125628140704,0.008064516129032258,0.0,0.0,0.0,0.0,0.0,0.0,1.0,0.1,0.07,1.0,1.0,497248,17
,0.0,0.0,0.0,0.0,0.0,0.0,0.0,0.0,0.16,0.09,1.0,1.0,501000,3
,0.0,0.0,0.0,0.0,0.0,0.0,0.0,0.0,0.12,0.11,1.0,1.0,502355,1
,0.0,0.0,0.0,0.0,0.0,0.0,0.0,0.0,0.16,0.1,1.0,1.0,504649,28
,0.0,0.0,0.0,0.0,0.0,0.0,0.0,0.0,0.12,0.09,1.0,1.0,506896,3
,0.0,0.0,0.0,0.0,0.0,0.0,0.0,0.0,0.2,0.13,1.0,1.0,507022,22
,0.0,0.0,0.0,0.0,0.0,0.0,0.0,0.0,0.14,0.08,1.0,1.0,508254,13
,0.0,0.0,0.0,0.0,0.0,0.0,0.0,0.0,0.14,0.1,1.0,1.0,509450,7
0.005025125628140704,0.014705882352941176,0.0,0.0,0.0,0.0,0.0,1.0,1.0,0.16,0.1,1.0,1.0,510680,28
,0.0,0.0,0.0,0.0,0.0,0.0,0.0,0.0,0.16,0.11,1.0,1.0,516251,28
,0.0,0.0,0.0,0.0,0.0,0.0,0.0,0.0,0.14,0.09,1.0,1.0,521351,21
0.005025125628140704,0.005434782608695652,0.0,0.0,0.0,0.0,0.0,0.0,1.0,0.14,0.08,1.0,1.0,521637,25
,0.0,0.0,0.0,0.0,0.0,0.0,0.0,0.0,0.16,0.1,1.0,1.0,521886,10
,0.0,0.0,0.0,0.0,0.0,0.0,0.0,0.0,0.12,0.07,1.0,1.0,524296,7
,0.0,0.0,0.0,0.0,0.0,0.0,0.0,0.0,0.22,0.12,1.0,1.0,525805,2
,0.0,0.0,0.0,0.0,0.0,0.0,0.0,0.0,0.14,0.08,1.0,1.0,531239,10
,0.0,0.0,0.0,0.0,0.0,0.0,0.0,0.0,0.16,0.09,1.0,1.0,548891,39
,0.0,0.0,0.0,0.0,0.0,0.0,0.0,0.0,0.16,0.08,1.0,1.0,551337,16
,0.0,0.0,0.0,0.0,0.0,0.0,0.0,0.0,0.12,0.07,1.0,1.0,553940,3
0.005025125628140704,0.005780346820809248,0.0,0.0,0.0,0.0,0.0,0.0,1.0,0.14,0.08,1.0,1.0,554417,20
,0.0,0.0,0.0,0.0,0.0,0.0,0.0,0.0,0.16,0.08,1.0,1.0,554785,8
0.005025125628140704,0.009174311926605505,0.0,0.0,0.0,0.0,0.0,0.0,1.0,0.2,0.1,1.0,1.0,559866,40
0.005025125628140704,0.010869565217391304,0.0,0.0,0.0,0.0,0.0,1.0,1.0,0.1,0.06,1.0,1.0,560973,1
,0.0,0.0,0.0,0.0,0.0,0.0,0.0,0.0,0.18,0.09,1.0,1.0,562321,3
,0.0,0.0,0.0,0.0,0.0,0.0,0.0,0.0,0.14,0.09,1.0,1.0,563436,27
,0.0,0.0,0.0,0.0,0.0,0.0,0.0,0.0,0.2,0.1,1.0,1.0,563537,24
,0.0,0.0,0.0,0.0,0.0,0.0,0.0,0.0,0.14,0.08,1.0,1.0,564152,3
0.005025125628140704,0.029411764705882353,0.0,0.0,0.0,0.0,1.0,1.0,1.0,0.22,0.11,1.0,1.0,564256,19
,0.0,0.0,0.0,0.0,0.0,0.0,0.0,0.0,0.12,0.08,1.0,1.0,568369,6
,0.0,0.0,0.0,0.0,0.0,0.0,0.0,0.0,0.18,0.09,1.0,1.0,576510,6
,0.0,0.0,0.0,0.0,0.0,0.0,0.0,0.0,0.14,0.08,1.0,1.0,583610,11
,0.0,0.0,0.0,0.0,0.0,0.0,0.0,0.0,0.12,0.08,1.0,1.0,588314,1
,0.0,0.0,0.0,0.0,0.0,0.0,0.0,0.0,0.1,0.09,1.0,1.0,591092,16
0.007575757575757576,0.02,0.0,0.0,0.0,0.0,0.5,1.0,1.0,0.14,0.09,1.0,1.0,591798,15
,0.0,0.0,0.0,0.0,0.0,0.0,0.0,0.0,0.16,0.1,1.0,1.0,594086,6
0.005025125628140704,0.0055248618784530384,0.0,0.0,0.0,0.0,0.0,0.0,1.0,0.1,0.09,1.0,1.0,596515,3
,0.0,0.0,0.0,0.0,0.0,0.0,0.0,0.0,0.1,0.06,1.0,1.0,596801,4
,0.0,0.0,0.0,0.0,0.0,0.0,0.0,0.0,0.16,0.08,1.0,1.0,597793,8
0.005025125628140704,0.005025125628140704,0.0,0.0,0.0,0.0,0.0,0.0,1.0,0.06,0.05,1.0,1.0,598615,2
,0.0,0.0,0.0,0.0,0.0,0.0,0.0,0.0,0.12,0.08,1.0,1.0,600206,10
0.005025125628140704,0.013513513513513514,0.0,0.0,0.0,0.0,0.0,1.0,1.0,0.16,0.09,1.0,1.0,609828,1
,0.0,0.0,0.0,0.0,0.0,0.0,0.0,0.0,0.1,0.07,1.0,1.0,611563,12
,0.0,0.0,0.0,0.0,0.0,0.0,0.0,0.0,0.18,0.1,1.0,1.0,615468,32
,0.0,0.0,0.0,0.0,0.0,0.0,0.0,0.0,0.04,0.02,1.0,1.0,615543,4
0.005025125628140704,0.005555555555555556,0.0,0.0,0.0,0.0,0.0,0.0,1.0,0.16,0.11,1.0,1.0,616502,24
,0.0,0.0,0.0,0.0,0.0,0.0,0.0,0.0,0.18,0.11,1.0,1.0,619568,7
,0.0,0.0,0.0,0.0,0.0,0.0,0.0,0.0,0.16,0.1,1.0,1.0,620068,6
0.005025125628140704,0.009615384615384616,0.0,0.0,0.0,0.0,0.0,0.0,1.0,0.2,0.11,1.0,1.0,621402,61
0.005025125628140704,0.006944444444444444,0.0,0.0,0.0,0.0,0.0,0.0,1.0,0.14,0.09,1.0,1.0,623191,9
,0.0,0.0,0.0,0.0,0.0,0.0,0.0,0.0,0.16,0.09,1.0,1.0,626652,43
,0.0,0.0,0.0,0.0,0.0,0.0,0.0,0.0,0.14,0.09,1.0,1.0,629670,3
,0.0,0.0,0.0,0.0,0.0,0.0,0.0,0.0,0.1,0.06,1.0,1.0,631659,1
0.04032258064516129,0.022727272727272728,0.0,0.0,0.0,0.0,0.07142857142857142,0.21428571428571427,1.0,0.04,0.03,1.0,1.0,631807,27
0.005025125628140704,0.04,0.0,0.0,0.0,0.0,1.0,1.0,1.0,0.16,0.11,1.0,1.0,634113,14
0.005025125628140704,0.047619047619047616,0.0,0.0,0.0,0.0,1.0,1.0,1.0,0.16,0.1,1.0,1.0,636116,67
,0.0,0.0,0.0,0.0,0.0,0.0,0.0,0.0,0.14,0.12,1.0,1.0,636692,1
,0.0,0.0,0.0,0.0,0.0,0.0,0.0,0.0,0.16,0.1,1.0,1.0,636918,13
,0.0,0.0,0.0,0.0,0.0,0.0,0.0,0.0,0.14,0.09,1.0,1.0,638393,31
,0.0,0.0,0.0,0.0,0.0,0.0,0.0,0.0,0.1,0.07,1.0,1.0,642707,46
0.007575757575757576,0.00909090909090909,0.0,0.0,0.0,0.0,0.0,0.0,1.0,0.08,0.07,1.0,1.0,642958,18
,0.0,0.0,0.0,0.0,0.0,0.0,0.0,0.0,0.18,0.09,1.0,1.0,645703,36
,0.0,0.0,0.0,0.0,0.0,0.0,0.0,0.0,0.14,0.09,1.0,1.0,647450,7
,0.0,0.0,0.0,0.0,0.0,0.0,0.0,0.0,0.1,0.08,1.0,1.0,647653,6
,0.0,0.0,0.0,0.0,0.0,0.0,0.0,0.0,0.1,0.08,1.0,1.0,651118,5
0.005025125628140704,0.010869565217391304,0.0,0.0,0.0,0.0,0.0,1.0,1.0,0.12,0.1,1.0,1.0,653974,10
,0.0,0.0,0.0,0.0,0.0,0.0,0.0,0.0,0.12,0.09,1.0,1.0,655886,4
,0.0,0.0,0.0,0.0,0.0,0.0,0.0,0.0,0.12,0.08,1.0,1.0,659784,1
,0.0,0.0,0.0,0.0,0.0,0.0,0.0,0.0,0.16,0.1,1.0,1.0,659898,3
0.007575757575757576,0.005714285714285714,0.0,0.0,0.0,0.0,0.0,0.0,1.0,0.16,0.09,1.0,1.0,661583,52
,0.0,0.0,0.0,0.0,0.0,0.0,0.0,0.0,0.16,0.1,1.0,1.0,661928,4
,0.0,0.0,0.0,0.0,0.0,0.0,0.0,0.0,0.16,0.09,1.0,1.0,661966,39
,0.0,0.0,0.0,0.0,0.0,0.0,0.0,0.0,0.18,0.11,1.0,1.0,663707,21
0.01015228426395939,0.03225806451612903,0.0,0.0,0.0,0.0,0.3333333333333333,0.3333333333333333,1.0,0.18,0.1,1.0,1.0,665079,50
0.007575757575757576,0.017241379310344827,0.0,0.0,0.0,0.0,0.0,0.5,1.0,0.2,0.1,1.0,1.0,667805,56
0.005025125628140704,0.007407407407407408,0.0,0.0,0.0,0.0,0.0,0.0,1.0,0.2,0.1,1.0,1.0,670685,3
,0.0,0.0,0.0,0.0,0.0,0.0,0.0,0.0,0.18,0.1,1.0,1.0,672521,18
,0.0,0.0,0.0,0.0,0.0,0.0,0.0,0.0,0.2,0.12,1.0,1.0,675751,13
0.005025125628140704,0.0051813471502590676,0.0,0.0,0.0,0.0,0.0,0.0,1.0,0.12,0.07,1.0,1.0,677342,7
,0.0,0.0,0.0,0.0,0.0,0.0,0.0,0.0,0.12,0.08,1.0,1.0,678274,1
,0.0,0.0,0.0,0.0,0.0,0.0,0.0,0.0,0.18,0.09,1.0,1.0,682168,2
,0.0,0.0,0.0,0.0,0.0,0.0,0.0,0.0,0.14,0.09,1.0,1.0,682239,1
,0.0,0.0,0.0,0.0,0.0,0.0,0.0,0.0,0.18,0.1,1.0,1.0,685921,11
,0.0,0.0,0.0,0.0,0.0,0.0,0.0,0.0,0.2,0.11,1.0,1.0,688189,3
,0.0,0.0,0.0,0.0,0.0,0.0,0.0,0.0,0.1,0.09,1.0,1.0,690480,3
,0.0,0.0,0.0,0.0,0.0,0.0,0.0,0.0,0.08,0.09,1.0,1.0,690924,10
,0.0,0.0,0.0,0.0,0.0,0.0,0.0,0.0,0.16,0.09,1.0,1.0,692411,8
,0.0,0.0,0.0,0.0,0.0,0.0,0.0,0.0,0.12,0.09,1.0,1.0,695088,54
,0.0,0.0,0.0,0.0,0.0,0.0,0.0,0.0,0.1,0.06,1.0,1.0,698576,2
0.012755102040816327,0.09090909090909091,0.0,0.0,0.0,0.0,0.25,0.75,1.0,0.14,0.11,1.0,1.0,699762,51
0.005025125628140704,0.013888888888888888,0.0,0.0,0.0,0.0,0.0,1.0,1.0,0.12,0.09,1.0,1.0,700730,23
,0.0,0.0,0.0,0.0,0.0,0.0,0.0,0.0,0.22,0.11,1.0,1.0,702478,25
0.007575757575757576,0.0078125,0.0,0.0,0.0,0.0,0.0,0.0,1.0,0.18,0.1,1.0,1.0,704803,39
,0.0,0.0,0.0,0.0,0.0,0.0,0.0,0.0,0.14,0.11,1.0,1.0,705554,17
,0.0,0.0,0.0,0.0,0.0,0.0,0.0,0.0,0.14,0.09,1.0,1.0,706590,1
,0.0,0.0,0.0,0.0,0.0,0.0,0.0,0.0,0.14,0.1,1.0,1.0,711028,32
,0.0,0.0,0.0,0.0,0.0,0.0,0.0,0.0,0.1,0.07,1.0,1.0,712096,2
0.005025125628140704,0.011494252873563218,0.0,0.0,0.0,0.0,0.0,1.0,1.0,0.2,0.1,1.0,1.0,715376,38
,0.0,0.0,0.0,0.0,0.0,0.0,0.0,0.0,0.14,0.07,1.0,1.0,716356,11
,0.0,0.0,0.0,0.0,0.0,0.0,0.0,0.0,0.12,0.08,1.0,1.0,717625,1
,0.0,0.0,0.0,0.0,0.0,0.0,0.0,0.0,0.12,0.08,1.0,1.0,721420,5
,0.0,0.0,0.0,0.0,0.0,0.0,0.0,0.0,0.14,0.09,1.0,1.0,723369,1
0.005025125628140704,0.02631578947368421,0.0,0.0,0.0,0.0,1.0,1.0,1.0,0.1,0.07,1.0,1.0,725568,9
0.005025125628140704,0.007142857142857143,0.0,0.0,0.0,0.0,0.0,0.0,1.0,0.18,0.1,1.0,1.0,726123,45
0.005025125628140704,0.012195121951219513,0.0,0.0,0.0,0.0,0.0,1.0,1.0,0.1,0.07,1.0,1.0,730306,3
0.005025125628140704,0.006622516556291391,0.0,0.0,0.0,0.0,0.0,0.0,1.0,0.16,0.1,1.0,1.0,732486,20
,0.0,0.0,0.0,0.0,0.0,0.0,0.0,0.0,0.16,0.09,1.0,1.0,734536,11
,0.0,0.0,0.0,0.0,0.0,0.0,0.0,0.0,0.16,0.09,1.0,1.0,735843,1
,0.0,0.0,0.0,0.0,0.0,0.0,0.0,0.0,0.16,0.09,1.0,1.0,736737,3
0.005025125628140704,0.010526315789473684,0.0,0.0,0.0,0.0,0.0,1.0,1.0,0.2,0.11,1.0,1.0,740307,25
0.005025125628140704,0.03225806451612903,0.0,0.0,0.0,0.0,1.0,1.0,1.0,0.08,0.06,1.0,1.0,741821,1
,0.0,0.0,0.0,0.0,0.0,0.0,0.0,0.0,0.18,0.11,1.0,1.0,744596,174
,0.0,0.0,0.0,0.0,0.0,0.0,0.0,0.0,0.14,0.09,1.0,1.0,745033,3
,0.0,0.0,0.0,0.0,0.0,0.0,0.0,0.0,0.2,0.12,1.0,1.0,745148,10
,0.0,0.0,0.0,0.0,0.0,0.0,0.0,0.0,0.12,0.09,1.0,1.0,748075,4
0.007575757575757576,0.029411764705882353,0.0,0.0,0.0,0.0,0.5,1.0,1.0,0.14,0.1,1.0,1.0,750497,43
,0.0,0.0,0.0,0.0,0.0,0.0,0.0,0.0,0.1,0.08,1.0,1.0,751365,17
,0.0,0.0,0.0,0.0,0.0,0.0,0.0,0.0,0.12,0.08,1.0,1.0,751626,2
,0.0,0.0,0.0,0.0,0.0,0.0,0.0,0.0,0.1,0.07,1.0,1.0,751854,2
0.005025125628140704,0.0058823529411764705,0.0,0.0,0.0,0.0,0.0,0.0,1.0,0.2,0.12,1.0,1.0,753996,38
0.005025125628140704,0.03333333333333333,0.0,0.0,0.0,0.0,1.0,1.0,1.0,0.08,0.07,1.0,1.0,755981,17
,0.0,0.0,0.0,0.0,0.0,0.0,0.0,0.0,0.16,0.1,1.0,1.0,756258,12
0.007575757575757576,0.019230769230769232,0.0,0.0,0.0,0.0,0.0,0.5,1.0,0.12,0.1,1.0,1.0,757408,21
,0.0,0.0,0.0,0.0,0.0,0.0,0.0,0.0,0.14,0.09,1.0,1.0,760446,19
,0.0,0.0,0.0,0.0,0.0,0.0,0.0,0.0,0.18,0.1,1.0,1.0,761089,23
,0.0,0.0,0.0,0.0,0.0,0.0,0.0,0.0,0.08,0.05,1.0,1.0,764274,18
,0.0,0.0,0.0,0.0,0.0,0.0,0.0,0.0,0.2,0.1,1.0,1.0,764629,1
,0.0,0.0,0.0,0.0,0.0,0.0,0.0,0.0,0.18,0.11,1.0,1.0,764848,21
,0.0,0.0,0.0,0.0,0.0,0.0,0.0,0.0,0.14,0.09,1.0,1.0,765724,4
0.005025125628140704,0.00980392156862745,0.0,0.0,0.0,0.0,0.0,0.0,1.0,0.16,0.09,1.0,1.0,767280,13
0.005025125628140704,0.01098901098901099,0.0,0.0,0.0,0.0,0.0,1.0,1.0,0.16,0.11,1.0,1.0,768249,56
,0.0,0.0,0.0,0.0,0.0,0.0,0.0,0.0,0.1,0.06,1.0,1.0,773530,12
,0.0,0.0,0.0,0.0,0.0,0.0,0.0,0.0,0.14,0.09,1.0,1.0,775040,4
0.005025125628140704,0.043478260869565216,0.0,0.0,0.0,0.0,1.0,1.0,1.0,0.14,0.09,1.0,1.0,777348,32
,0.0,0.0,0.0,0.0,0.0,0.0,0.0,0.0,0.12,0.08,1.0,1.0,777553,15
0.005025125628140704,0.0072992700729927005,0.0,0.0,0.0,0.0,0.0,0.0,1.0,0.04,0.04,1.0,1.0,777795,8
,0.0,0.0,0.0,0.0,0.0,0.0,0.0,0.0,0.16,0.1,1.0,1.0,778460,35
,0.0,0.0,0.0,0.0,0.0,0.0,0.0,0.0,0.14,0.09,1.0,1.0,779800,10
,0.0,0.0,0.0,0.0,0.0,0.0,0.0,0.0,0.2,0.12,1.0,1.0,779944,12
,0.0,0.0,0.0,0.0,0.0,0.0,0.0,0.0,0.22,0.12,1.0,1.0,780905,22
,0.0,0.0,0.0,0.0,0.0,0.0,0.0,0.0,0.08,0.05,1.0,1.0,782168,9
,0.0,0.0,0.0,0.0,0.0,0.0,0.0,0.0,0.16,0.1,1.0,1.0,784053,44
0.012755102040816327,0.07142857142857142,0.0,0.0,0.0,0.0,0.75,0.75,1.0,0.14,0.07,1.0,1.0,790962,30
,0.0,0.0,0.0,0.0,0.0,0.0,0.0,0.0,0.18,0.1,1.0,1.0,793169,26
,0.0,0.0,0.0,0.0,0.0,0.0,0.0,0.0,0.1,0.06,1.0,1.0,793546,9
0.005025125628140704,0.0053475935828877,0.0,0.0,0.0,0.0,0.0,0.0,1.0,0.08,0.07,1.0,1.0,795659,3
,0.0,0.0,0.0,0.0,0.0,0.0,0.0,0.0,0.22,0.11,1.0,1.0,796186,1
,0.0,0.0,0.0,0.0,0.0,0.0,0.0,0.0,0.14,0.11,1.0,1.0,797194,4
,0.0,0.0,0.0,0.0,0.0,0.0,0.0,0.0,0.02,0.06,1.0,1.0,797317,1
,0.0,0.0,0.0,0.0,0.0,0.0,0.0,0.0,0.18,0.1,1.0,1.0,801943,21
,0.0,0.0,0.0,0.0,0.0,0.0,0.0,0.0,0.04,0.05,1.0,1.0,802369,4
,0.0,0.0,0.0,0.0,0.0,0.0,0.0,0.0,0.12,0.09,1.0,1.0,802605,48
,0.0,0.0,0.0,0.0,0.0,0.0,0.0,0.0,0.16,0.1,1.0,1.0,802669,22
,0.0,0.0,0.0,0.0,0.0,0.0,0.0,0.0,0.14,0.08,1.0,1.0,804217,5
0.005025125628140704,0.02702702702702703,0.0,0.0,0.0,0.0,1.0,1.0,1.0,0.16,0.11,1.0,1.0,805321,7
0.005025125628140704,0.011494252873563218,0.0,0.0,0.0,0.0,0.0,1.0,1.0,0.2,0.12,1.0,1.0,806521,60
0.007575757575757576,0.009345794392523364,0.0,0.0,0.0,0.0,0.0,0.0,1.0,0.16,0.09,1.0,1.0,808364,45
,0.0,0.0,0.0,0.0,0.0,0.0,0.0,0.0,0.18,0.11,1.0,1.0,812149,1
,0.0,0.0,0.0,0.0,0.0,0.0,0.0,0.0,0.12,0.08,1.0,1.0,812299,9
,0.0,0.0,0.0,0.0,0.0,0.0,0.0,0.0,0.16,0.1,1.0,1.0,812600,49
0.005025125628140704,0.008264462809917356,0.0,0.0,0.0,0.0,0.0,0.0,1.0,0.16,0.1,1.0,1.0,814889,7
,0.0,0.0,0.0,0.0,0.0,0.0,0.0,0.0,0.18,0.09,1.0,1.0,815173,21
0.005025125628140704,0.014084507042253521,0.0,0.0,0.0,0.0,0.0,1.0,1.0,0.18,0.1,1.0,1.0,815272,16
,0.0,0.0,0.0,0.0,0.0,0.0,0.0,0.0,0.14,0.1,1.0,1.0,815665,5
,0.0,0.0,0.0,0.0,0.0,0.0,0.0,0.0,0.12,0.09,1.0,1.0,817700,3
,0.0,0.0,0.0,0.0,0.0,0.0,0.0,0.0,0.14,0.09,1.0,1.0,818399,14
,0.0,0.0,0.0,0.0,0.0,0.0,0.0,0.0,0.16,0.1,1.0,1.0,822771,17
,0.0,0.0,0.0,0.0,0.0,0.0,0.0,0.0,0.1,0.06,1.0,1.0,827612,18
,0.0,0.0,0.0,0.0,0.0,0.0,0.0,0.0,0.12,0.06,1.0,1.0,831059,9
,0.0,0.0,0.0,0.0,0.0,0.0,0.0,0.0,0.08,0.06,1.0,1.0,835074,2
,0.0,0.0,0.0,0.0,0.0,0.0,0.0,0.0,0.1,0.08,1.0,1.0,835931,8
,0.0,0.0,0.0,0.0,0.0,0.0,0.0,0.0,0.16,0.08,1.0,1.0,837782,13
0.005025125628140704,0.005813953488372093,0.0,0.0,0.0,0.0,0.0,0.0,1.0,0.16,0.1,1.0,1.0,839118,47
,0.0,0.0,0.0,0.0,0.0,0.0,0.0,0.0,0.14,0.08,1.0,1.0,839514,7
,0.0,0.0,0.0,0.0,0.0,0.0,0.0,0.0,0.16,0.08,1.0,1.0,840342,5
0.005025125628140704,0.01098901098901099,0.0,0.0,0.0,0.0,0.0,1.0,1.0,0.14,0.08,1.0,1.0,841294,36
0.005025125628140704,0.009615384615384616,0.0,0.0,0.0,0.0,0.0,0.0,1.0,0.16,0.09,1.0,1.0,841580,34
,0.0,0.0,0.0,0.0,0.0,0.0,0.0,0.0,0.08,0.06,1.0,1.0,842691,7
,0.0,0.0,0.0,0.0,0.0,0.0,0.0,0.0,0.14,0.1,1.0,1.0,843505,3
,0.0,0.0,0.0,0.0,0.0,0.0,0.0,0.0,0.18,0.1,1.0,1.0,844776,53
0.005025125628140704,0.008849557522123894,0.0,0.0,0.0,0.0,0.0,0.0,1.0,0.16,0.08,1.0,1.0,845850,1
0.01015228426395939,0.045454545454545456,0.0,0.0,0.0,0.0,0.3333333333333333,0.3333333333333333,1.0,0.16,0.09,1.0,1.0,847416,18
0.007575757575757576,0.00847457627118644,0.0,0.0,0.0,0.0,0.0,0.0,1.0,0.14,0.09,1.0,1.0,847729,10
,0.0,0.0,0.0,0.0,0.0,0.0,0.0,0.0,0.12,0.06,1.0,1.0,849040,14
,0.0,0.0,0.0,0.0,0.0,0.0,0.0,0.0,0.22,0.12,1.0,1.0,850523,5
0.005025125628140704,0.005050505050505051,0.0,0.0,0.0,0.0,0.0,0.0,1.0,0.14,0.09,1.0,1.0,850590,30
,0.0,0.0,0.0,0.0,0.0,0.0,0.0,0.0,0.1,0.07,1.0,1.0,852357,6
,0.0,0.0,0.0,0.0,0.0,0.0,0.0,0.0,0.14,0.08,1.0,1.0,852601,31
,0.0,0.0,0.0,0.0,0.0,0.0,0.0,0.0,0.14,0.09,1.0,1.0,852758,4
,0.0,0.0,0.0,0.0,0.0,0.0,0.0,0.0,0.12,0.09,1.0,1.0,853076,17
,0.0,0.0,0.0,0.0,0.0,0.0,0.0,0.0,0.14,0.09,1.0,1.0,853946,6
,0.0,0.0,0.0,0.0,0.0,0.0,0.0,0.0,0.14,0.08,1.0,1.0,856181,10
,0.0,0.0,0.0,0.0,0.0,0.0,0.0,0.0,0.18,0.09,1.0,1.0,856213,17
0.012755102040816327,0.03571428571428571,0.0,0.0,0.0,0.0,0.25,0.5,1.0,0.16,0.09,1.0,1.0,856313,36
0.007575757575757576,0.01694915254237288,0.0,0.0,0.0,0.0,0.0,1.0,1.0,0.2,0.11,1.0,1.0,859097,38
,0.0,0.0,0.0,0.0,0.0,0.0,0.0,0.0,0.16,0.1,1.0,1.0,859415,3
,0.0,0.0,0.0,0.0,0.0,0.0,0.0,0.0,0.12,0.07,1.0,1.0,863083,5
,0.0,0.0,0.0,0.0,0.0,0.0,0.0,0.0,0.14,0.08,1.0,1.0,864251,7
,0.0,0.0,0.0,0.0,0.0,0.0,0.0,0.0,0.16,0.1,1.0,1.0,867679,39
,0.0,0.0,0.0,0.0,0.0,0.0,0.0,0.0,0.16,0.11,1.0,1.0,869625,6
0.005025125628140704,0.0072992700729927005,0.0,0.0,0.0,0.0,0.0,0.0,1.0,0.12,0.07,1.0,1.0,875869,29
,0.0,0.0,0.0,0.0,0.0,0.0,0.0,0.0,0.16,0.1,1.0,1.0,879404,4
,0.0,0.0,0.0,0.0,0.0,0.0,0.0,0.0,0.16,0.1,1.0,1.0,890209,8
0.005025125628140704,0.011363636363636364,0.0,0.0,0.0,0.0,0.0,1.0,1.0,0.12,0.09,1.0,1.0,891255,22
,0.0,0.0,0.0,0.0,0.0,0.0,0.0,0.0,0.16,0.08,1.0,1.0,893182,11
,0.0,0.0,0.0,0.0,0.0,0.0,0.0,0.0,0.14,0.09,1.0,1.0,894084,8
,0.0,0.0,0.0,0.0,0.0,0.0,0.0,0.0,0.2,0.12,1.0,1.0,899670,19
,0.0,0.0,0.0,0.0,0.0,0.0,0.0,0.0,0.12,0.08,1.0,1.0,899728,11
,0.0,0.0,0.0,0.0,0.0,0.0,0.0,0.0,0.16,0.1,1.0,1.0,900378,35
,0.0,0.0,0.0,0.0,0.0,0.0,0.0,0.0,0.12,0.08,1.0,1.0,901864,14
0.007575757575757576,0.014285714285714285,0.0,0.0,0.0,0.0,0.0,1.0,1.0,0.14,0.1,1.0,1.0,902024,12
,0.0,0.0,0.0,0.0,0.0,0.0,0.0,0.0,0.18,0.1,1.0,1.0,905223,54
,0.0,0.0,0.0,0.0,0.0,0.0,0.0,0.0,0.14,0.1,1.0,1.0,912382,6
,0.0,0.0,0.0,0.0,0.0,0.0,0.0,0.0,0.18,0.09,1.0,1.0,918965,7
,0.0,0.0,0.0,0.0,0.0,0.0,0.0,0.0,0.12,0.1,1.0,1.0,922256,5
,0.0,0.0,0.0,0.0,0.0,0.0,0.0,0.0,0.14,0.08,1.0,1.0,922492,1
,0.0,0.0,0.0,0.0,0.0,0.0,0.0,0.0,0.14,0.1,1.0,1.0,930903,23
,0.0,0.0,0.0,0.0,0.0,0.0,0.0,0.0,0.14,0.1,1.0,1.0,934064,8
,0.0,0.0,0.0,0.0,0.0,0.0,0.0,0.0,0.2,0.11,1.0,1.0,935922,49
,0.0,0.0,0.0,0.0,0.0,0.0,0.0,0.0,0.16,0.11,1.0,1.0,937961,9
,0.0,0.0,0.0,0.0,0.0,0.0,0.0,0.0,0.12,0.06,1.0,1.0,938507,11
0.005025125628140704,0.005813953488372093,0.0,0.0,0.0,0.0,0.0,0.0,1.0,0.14,0.1,1.0,1.0,941029,4
0.005025125628140704,0.02564102564102564,0.0,0.0,0.0,0.0,1.0,1.0,1.0,0.14,0.09,1.0,1.0,944122,27
,0.0,0.0,0.0,0.0,0.0,0.0,0.0,0.0,0.08,0.04,1.0,1.0,944273,16
,0.0,0.0,0.0,0.0,0.0,0.0,0.0,0.0,0.24,0.12,1.0,1.0,944514,7
,0.0,0.0,0.0,0.0,0.0,0.0,0.0,0.0,0.12,0.08,1.0,1.0,947524,15
0.005025125628140704,0.00847457627118644,0.0,0.0,0.0,0.0,0.0,0.0,1.0,0.14,0.09,1.0,1.0,949107,17
,0.0,0.0,0.0,0.0,0.0,0.0,0.0,0.0,0.14,0.09,1.0,1.0,951227,3
,0.0,0.0,0.0,0.0,0.0,0.0,0.0,0.0,0.14,0.08,1.0,1.0,955847,3
,0.0,0.0,0.0,0.0,0.0,0.0,0.0,0.0,0.16,0.1,1.0,1.0,956982,14
,0.0,0.0,0.0,0.0,0.0,0.0,0.0,0.0,0.12,0.09,1.0,1.0,962493,23
,0.0,0.0,0.0,0.0,0.0,0.0,0.0,0.0,0.14,0.09,1.0,1.0,964943,1
,0.0,0.0,0.0,0.0,0.0,0.0,0.0,0.0,0.12,0.07,1.0,1.0,966688,10
,0.0,0.0,0.0,0.0,0.0,0.0,0.0,0.0,0.14,0.11,1.0,1.0,971167,1
,0.0,0.0,0.0,0.0,0.0,0.0,0.0,0.0,0.16,0.09,1.0,1.0,971442,4
,0.0,0.0,0.0,0.0,0.0,0.0,0.0,0.0,0.16,0.09,1.0,1.0,971837,15
,0.0,0.0,0.0,0.0,0.0,0.0,0.0,0.0,0.18,0.1,1.0,1.0,972143,37
,0.0,0.0,0.0,0.0,0.0,0.0,0.0,0.0,0.18,0.1,1.0,1.0,972300,3
,0.0,0.0,0.0,0.0,0.0,0.0,0.0,0.0,0.1,0.07,1.0,1.0,972329,4
,0.0,0.0,0.0,0.0,0.0,0.0,0.0,0.0,0.14,0.09,1.0,1.0,972633,27
,0.0,0.0,0.0,0.0,0.0,0.0,0.0,0.0,0.16,0.09,1.0,1.0,978884,12
,0.0,0.0,0.0,0.0,0.0,0.0,0.0,0.0,0.12,0.09,1.0,1.0,980094,21
,0.0,0.0,0.0,0.0,0.0,0.0,0.0,0.0,0.14,0.1,1.0,1.0,980498,33
0.005025125628140704,0.02564102564102564,0.0,0.0,0.0,0.0,1.0,1.0,1.0,0.1,0.08,1.0,1.0,985452,15
,0.0,0.0,0.0,0.0,0.0,0.0,0.0,0.0,0.14,0.11,1.0,1.0,986406,10
,0.0,0.0,0.0,0.0,0.0,0.0,0.0,0.0,0.14,0.09,1.0,1.0,988299,3
,0.0,0.0,0.0,0.0,0.0,0.0,0.0,0.0,0.16,0.08,1.0,1.0,994753,4
,0.0,0.0,0.0,0.0,0.0,0.0,0.0,0.0,0.14,0.09,1.0,1.0,997586,12
,0.0,0.0,0.0,0.0,0.0,0.0,0.0,0.0,0.12,0.08,1.0,1.0,997715,4
0.007575757575757576,0.014084507042253521,0.0,0.0,0.0,0.0,0.0,1.0,1.0,0.16,0.1,1.0,1.0,1001055,54
,0.0,0.0,0.0,0.0,0.0,0.0,0.0,0.0,0.1,0.09,1.0,1.0,1007544,35
,0.0,0.0,0.0,0.0,0.0,0.0,0.0,0.0,0.06,0.03,1.0,1.0,1009292,3
0.01015228426395939,0.012195121951219513,0.0,0.0,0.0,0.0,0.0,0.3333333333333333,1.0,0.2,0.1,1.0,1.0,1015082,77
,0.0,0.0,0.0,0.0,0.0,0.0,0.0,0.0,0.16,0.1,1.0,1.0,1015339,3
,0.0,0.0,0.0,0.0,0.0,0.0,0.0,0.0,0.08,0.06,1.0,1.0,1016621,13
0.005025125628140704,0.0136986301369863,0.0,0.0,0.0,0.0,0.0,1.0,1.0,0.14,0.1,1.0,1.0,1020886,29
,0.0,0.0,0.0,0.0,0.0,0.0,0.0,0.0,0.18,0.1,1.0,1.0,1021080,15
,0.0,0.0,0.0,0.0,0.0,0.0,0.0,0.0,0.14,0.09,1.0,1.0,1023832,28
0.007575757575757576,0.012658227848101266,0.0,0.0,0.0,0.0,0.0,1.0,1.0,0.1,0.08,1.0,1.0,1029687,19
,0.0,0.0,0.0,0.0,0.0,0.0,0.0,0.0,0.16,0.09,1.0,1.0,1031008,2
0.005025125628140704,0.00980392156862745,0.0,0.0,0.0,0.0,0.0,0.0,1.0,0.12,0.08,1.0,1.0,1033225,12
,0.0,0.0,0.0,0.0,0.0,0.0,0.0,0.0,0.22,0.11,1.0,1.0,1035262,5
,0.0,0.0,0.0,0.0,0.0,0.0,0.0,0.0,0.2,0.11,1.0,1.0,1035318,14
,0.0,0.0,0.0,0.0,0.0,0.0,0.0,0.0,0.12,0.09,1.0,1.0,1035411,7
,0.0,0.0,0.0,0.0,0.0,0.0,0.0,0.0,0.18,0.1,1.0,1.0,1046421,4
,0.0,0.0,0.0,0.0,0.0,0.0,0.0,0.0,0.16,0.1,1.0,1.0,1047632,52
,0.0,0.0,0.0,0.0,0.0,0.0,0.0,0.0,0.12,0.08,1.0,1.0,1052476,4
,0.0,0.0,0.0,0.0,0.0,0.0,0.0,0.0,0.18,0.1,1.0,1.0,1066016,14
0.007575757575757576,0.006172839506172839,0.0,0.0,0.0,0.0,0.0,0.0,1.0,0.12,0.06,1.0,1.0,1068993,6
0.005025125628140704,0.030303030303030304,0.0,0.0,0.0,0.0,1.0,1.0,1.0,0.18,0.1,1.0,1.0,1071529,40
0.005025125628140704,0.006711409395973154,0.0,0.0,0.0,0.0,0.0,0.0,1.0,0.14,0.09,1.0,1.0,1072326,9
,0.0,0.0,0.0,0.0,0.0,0.0,0.0,0.0,0.04,0.06,1.0,1.0,1073356,2
,0.0,0.0,0.0,0.0,0.0,0.0,0.0,0.0,0.18,0.11,1.0,1.0,1073931,3
,0.0,0.0,0.0,0.0,0.0,0.0,0.0,0.0,0.12,0.08,1.0,1.0,1074895,15
,0.0,0.0,0.0,0.0,0.0,0.0,0.0,0.0,0.08,0.09,1.0,1.0,1078228,2
,0.0,0.0,0.0,0.0,0.0,0.0,0.0,0.0,0.16,0.1,1.0,1.0,1078413,9
,0.0,0.0,0.0,0.0,0.0,0.0,0.0,0.0,0.18,0.09,1.0,1.0,1081077,13
0.005025125628140704,0.04,0.0,0.0,0.0,0.0,1.0,1.0,1.0,0.12,0.07,1.0,1.0,1086656,10
,0.0,0.0,0.0,0.0,0.0,0.0,0.0,0.0,0.14,0.07,1.0,1.0,1086726,3
,0.0,0.0,0.0,0.0,0.0,0.0,0.0,0.0,0.16,0.09,1.0,1.0,1089896,8
,0.0,0.0,0.0,0.0,0.0,0.0,0.0,0.0,0.08,0.08,1.0,1.0,1090317,2
0.02617801047120419,0.02857142857142857,0.0,0.0,0.0,0.0,0.4444444444444444,0.6666666666666666,1.0,0.12,0.08,1.0,1.0,1090366,30
,0.0,0.0,0.0,0.0,0.0,0.0,0.0,0.0,0.12,0.09,1.0,1.0,1090573,18
0.007575757575757576,0.029411764705882353,0.0,0.0,0.0,0.0,0.5,1.0,1.0,0.16,0.08,1.0,1.0,1090625,38
0.005025125628140704,0.016129032258064516,0.0,0.0,0.0,0.0,0.0,1.0,1.0,0.18,0.1,1.0,1.0,1091343,30
,0.0,0.0,0.0,0.0,0.0,0.0,0.0,0.0,0.12,0.07,1.0,1.0,1092441,54
,0.0,0.0,0.0,0.0,0.0,0.0,0.0,0.0,0.16,0.1,1.0,1.0,1092730,3
0.005025125628140704,0.005076142131979695,0.0,0.0,0.0,0.0,0.0,0.0,1.0,0.16,0.12,1.0,1.0,1094259,41
,0.0,0.0,0.0,0.0,0.0,0.0,0.0,0.0,0.16,0.08,1.0,1.0,1095126,3
,0.0,0.0,0.0,0.0,0.0,0.0,0.0,0.0,0.18,0.12,1.0,1.0,1095429,21
,0.0,0.0,0.0,0.0,0.0,0.0,0.0,0.0,0.1,0.09,1.0,1.0,1097876,4
,0.0,0.0,0.0,0.0,0.0,0.0,0.0,0.0,0.1,0.12,1.0,1.0,1104073,27
,0.0,0.0,0.0,0.0,0.0,0.0,0.0,0.0,0.16,0.08,1.0,1.0,1104922,16
0.005025125628140704,0.008547008547008548,0.0,0.0,0.0,0.0,0.0,0.0,1.0,0.1,0.06,1.0,1.0,1105810,25
,0.0,0.0,0.0,0.0,0.0,0.0,0.0,0.0,0.22,0.12,1.0,1.0,1106100,44
,0.0,0.0,0.0,0.0,0.0,0.0,0.0,0.0,0.06,0.05,1.0,1.0,1108559,10
0.007575757575757576,0.02040816326530612,0.0,0.0,0.0,0.0,0.5,0.5,1.0,0.18,0.1,1.0,1.0,1108879,12
,0.0,0.0,0.0,0.0,0.0,0.0,0.0,0.0,0.1,0.08,1.0,1.0,1117666,13
,0.0,0.0,0.0,0.0,0.0,0.0,0.0,0.0,0.16,0.09,1.0,1.0,1118206,17
,0.0,0.0,0.0,0.0,0.0,0.0,0.0,0.0,0.18,0.1,1.0,1.0,1118301,3
,0.0,0.0,0.0,0.0,0.0,0.0,0.0,0.0,0.18,0.11,1.0,1.0,1118426,46
0.005025125628140704,0.008130081300813009,0.0,0.0,0.0,0.0,0.0,0.0,1.0,0.16,0.1,1.0,1.0,1119343,18
,0.0,0.0,0.0,0.0,0.0,0.0,0.0,0.0,0.12,0.07,1.0,1.0,1119739,2
,0.0,0.0,0.0,0.0,0.0,0.0,0.0,0.0,0.14,0.07,1.0,1.0,1122370,8
,0.0,0.0,0.0,0.0,0.0,0.0,0.0,0.0,0.1,0.08,1.0,1.0,1122915,36
,0.0,0.0,0.0,0.0,0.0,0.0,0.0,0.0,0.14,0.1,1.0,1.0,1123412,3
,0.0,0.0,0.0,0.0,0.0,0.0,0.0,0.0,0.16,0.08,1.0,1.0,1126205,5
,0.0,0.0,0.0,0.0,0.0,0.0,0.0,0.0,0.16,0.09,1.0,1.0,1129282,31
,0.0,0.0,0.0,0.0,0.0,0.0,0.0,0.0,0.14,0.11,1.0,1.0,1131819,27
,0.0,0.0,0.0,0.0,0.0,0.0,0.0,0.0,0.14,0.09,1.0,1.0,1138925,5
,0.0,0.0,0.0,0.0,0.0,0.0,0.0,0.0,0.08,0.05,1.0,1.0,1139265,8
,0.0,0.0,0.0,0.0,0.0,0.0,0.0,0.0,0.08,0.08,1.0,1.0,1141178,10
,0.0,0.0,0.0,0.0,0.0,0.0,0.0,0.0,0.18,0.11,1.0,1.0,1143918,34
,0.0,0.0,0.0,0.0,0.0,0.0,0.0,0.0,0.1,0.07,1.0,1.0,1145026,8
,0.0,0.0,0.0,0.0,0.0,0.0,0.0,0.0,0.18,0.1,1.0,1.0,1148586,89
,0.0,0.0,0.0,0.0,0.0,0.0,0.0,0.0,0.1,0.08,1.0,1.0,1152160,7
0.005025125628140704,0.012987012987012988,0.0,0.0,0.0,0.0,0.0,1.0,1.0,0.18,0.09,1.0,1.0,1153336,68
,0.0,0.0,0.0,0.0,0.0,0.0,0.0,0.0,0.16,0.11,1.0,1.0,1157136,12
,0.0,0.0,0.0,0.0,0.0,0.0,0.0,0.0,0.2,0.1,1.0,1.0,1157827,40
,0.0,0.0,0.0,0.0,0.0,0.0,0.0,0.0,0.14,0.09,1.0,1.0,1158222,40
0.007575757575757576,0.011904761904761904,0.0,0.0,0.0,0.0,0.0,0.5,1.0,0.12,0.09,1.0,1.0,1167004,19
0.007575757575757576,0.015625,0.0,0.0,0.0,0.0,0.0,1.0,1.0,0.18,0.09,1.0,1.0,1167944,23
0.007575757575757576,0.017857142857142856,0.0,0.0,0.0,0.0,0.0,1.0,1.0,0.16,0.1,1.0,1.0,1169267,17
0.01015228426395939,0.02040816326530612,0.0,0.0,0.0,0.0,0.3333333333333333,0.6666666666666666,1.0,0.12,0.08,1.0,1.0,1171223,65
,0.0,0.0,0.0,0.0,0.0,0.0,0.0,0.0,0.2,0.11,1.0,1.0,1173275,1
,0.0,0.0,0.0,0.0,0.0,0.0,0.0,0.0,0.14,0.08,1.0,1.0,1174064,1
,0.0,0.0,0.0,0.0,0.0,0.0,0.0,0.0,0.16,0.11,1.0,1.0,1178523,32
,0.0,0.0,0.0,0.0,0.0,0.0,0.0,0.0,0.1,0.08,1.0,1.0,1182011,1
,0.0,0.0,0.0,0.0,0.0,0.0,0.0,0.0,0.18,0.11,1.0,1.0,1182135,54
,0.0,0.0,0.0,0.0,0.0,0.0,0.0,0.0,0.16,0.11,1.0,1.0,1185642,3
,0.0,0.0,0.0,0.0,0.0,0.0,0.0,0.0,0.2,0.11,1.0,1.0,1190072,2
,0.0,0.0,0.0,0.0,0.0,0.0,0.0,0.0,0.18,0.1,1.0,1.0,1190935,4
0.007575757575757576,0.00625,0.0,0.0,0.0,0.0,0.0,0.0,1.0,0.12,0.11,1.0,1.0,1193431,40
,0.0,0.0,0.0,0.0,0.0,0.0,0.0,0.0,0.1,0.06,1.0,1.0,1196692,9
,0.0,0.0,0.0,0.0,0.0,0.0,0.0,0.0,0.1,0.09,1.0,1.0,1200231,18
,0.0,0.0,0.0,0.0,0.0,0.0,0.0,0.0,0.18,0.1,1.0,1.0,1200688,1
,0.0,0.0,0.0,0.0,0.0,0.0,0.0,0.0,0.14,0.08,1.0,1.0,1205381,8
,0.0,0.0,0.0,0.0,0.0,0.0,0.0,0.0,0.16,0.09,1.0,1.0,1206044,8
,0.0,0.0,0.0,0.0,0.0,0.0,0.0,0.0,0.18,0.09,1.0,1.0,1208930,1
,0.0,0.0,0.0,0.0,0.0,0.0,0.0,0.0,0.14,0.12,1.0,1.0,1211061,3
,0.0,0.0,0.0,0.0,0.0,0.0,0.0,0.0,0.18,0.11,1.0,1.0,1212827,1
0.005025125628140704,0.012658227848101266,0.0,0.0,0.0,0.0,0.0,1.0,1.0,0.14,0.09,1.0,1.0,1213548,15
,0.0,0.0,0.0,0.0,0.0,0.0,0.0,0.0,0.18,0.09,1.0,1.0,1216284,24
,0.0,0.0,0.0,0.0,0.0,0.0,0.0,0.0,0.18,0.1,1.0,1.0,1218458,7
0.007575757575757576,0.006172839506172839,0.0,0.0,0.0,0.0,0.0,0.0,1.0,0.16,0.09,1.0,1.0,1218901,78
,0.0,0.0,0.0,0.0,0.0,0.0,0.0,0.0,0.12,0.08,1.0,1.0,1221097,6
,0.0,0.0,0.0,0.0,0.0,0.0,0.0,0.0,0.18,0.1,1.0,1.0,1221502,26
,0.0,0.0,0.0,0.0,0.0,0.0,0.0,0.0,0.16,0.11,1.0,1.0,1223263,21
,0.0,0.0,0.0,0.0,0.0,0.0,0.0,0.0,0.18,0.1,1.0,1.0,1223652,24
,0.0,0.0,0.0,0.0,0.0,0.0,0.0,0.0,0.14,0.1,1.0,1.0,1224564,1
,0.0,0.0,0.0,0.0,0.0,0.0,0.0,0.0,0.18,0.13,1.0,1.0,1227910,40
,0.0,0.0,0.0,0.0,0.0,0.0,0.0,0.0,0.06,0.07,1.0,1.0,1230266,4
,0.0,0.0,0.0,0.0,0.0,0.0,0.0,0.0,0.14,0.09,1.0,1.0,1230526,50
,0.0,0.0,0.0,0.0,0.0,0.0,0.0,0.0,0.18,0.09,1.0,1.0,1230927,25
,0.0,0.0,0.0,0.0,0.0,0.0,0.0,0.0,0.16,0.09,1.0,1.0,1232620,9
,0.0,0.0,0.0,0.0,0.0,0.0,0.0,0.0,0.1,0.08,1.0,1.0,1234072,5
,0.0,0.0,0.0,0.0,0.0,0.0,0.0,0.0,0.2,0.11,1.0,1.0,1237389,5
,0.0,0.0,0.0,0.0,0.0,0.0,0.0,0.0,0.2,0.1,1.0,1.0,1245874,11
0.007575757575757576,0.00847457627118644,0.0,0.0,0.0,0.0,0.0,0.0,1.0,0.16,0.09,1.0,1.0,1246374,63
,0.0,0.0,0.0,0.0,0.0,0.0,0.0,0.0,0.16,0.09,1.0,1.0,1248757,4
0.005025125628140704,0.03125,0.0,0.0,0.0,0.0,1.0,1.0,1.0,0.16,0.08,1.0,1.0,1248913,26
0.005025125628140704,0.008620689655172414,0.0,0.0,0.0,0.0,0.0,0.0,1.0,0.16,0.09,1.0,1.0,1249770,15
0.005025125628140704,0.017241379310344827,0.0,0.0,0.0,0.0,0.0,1.0,1.0,0.14,0.09,1.0,1.0,1251390,34
,0.0,0.0,0.0,0.0,0.0,0.0,0.0,0.0,0.12,0.07,1.0,1.0,1252393,5
,0.0,0.0,0.0,0.0,0.0,0.0,0.0,0.0,0.12,0.08,1.0,1.0,1253390,14
0.007575757575757576,0.013333333333333334,0.0,0.0,0.0,0.0,0.0,1.0,1.0,0.16,0.08,1.0,1.0,1255547,45
,0.0,0.0,0.0,0.0,0.0,0.0,0.0,0.0,0.16,0.08,1.0,1.0,1257839,1
,0.0,0.0,0.0,0.0,0.0,0.0,0.0,0.0,0.14,0.08,1.0,1.0,1259188,11
,0.0,0.0,0.0,0.0,0.0,0.0,0.0,0.0,0.12,0.1,1.0,1.0,1263949,1
,0.0,0.0,0.0,0.0,0.0,0.0,0.0,0.0,0.18,0.12,1.0,1.0,1269670,25
,0.0,0.0,0.0,0.0,0.0,0.0,0.0,0.0,0.2,0.11,1.0,1.0,1275613,28
,0.0,0.0,0.0,0.0,0.0,0.0,0.0,0.0,0.16,0.09,1.0,1.0,1279115,17
0.005025125628140704,0.0064516129032258064,0.0,0.0,0.0,0.0,0.0,0.0,1.0,0.2,0.1,1.0,1.0,1279122,41
,0.0,0.0,0.0,0.0,0.0,0.0,0.0,0.0,0.14,0.08,1.0,1.0,1280135,8
0.005025125628140704,0.005263157894736842,0.0,0.0,0.0,0.0,0.0,0.0,1.0,0.16,0.09,1.0,1.0,1282386,7
,0.0,0.0,0.0,0.0,0.0,0.0,0.0,0.0,0.2,0.1,1.0,1.0,1285029,13
0.005025125628140704,0.01,0.0,0.0,0.0,0.0,0.0,1.0,1.0,0.16,0.12,1.0,1.0,1286303,24
,0.0,0.0,0.0,0.0,0.0,0.0,0.0,0.0,0.06,0.06,1.0,1.0,1287730,4
,0.0,0.0,0.0,0.0,0.0,0.0,0.0,0.0,0.2,0.11,1.0,1.0,1288820,2
,0.0,0.0,0.0,0.0,0.0,0.0,0.0,0.0,0.18,0.09,1.0,1.0,1292348,3
,0.0,0.0,0.0,0.0,0.0,0.0,0.0,0.0,0.1,0.09,1.0,1.0,1292827,6
0.005025125628140704,0.01818181818181818,0.0,0.0,0.0,0.0,0.0,1.0,1.0,0.1,0.07,1.0,1.0,1293118,9
0.007575757575757576,0.034482758620689655,0.0,0.0,0.0,0.0,0.5,1.0,1.0,0.16,0.1,1.0,1.0,1297999,48
,0.0,0.0,0.0,0.0,0.0,0.0,0.0,0.0,0.14,0.09,1.0,1.0,1298470,7
,0.0,0.0,0.0,0.0,0.0,0.0,0.0,0.0,0.14,0.09,1.0,1.0,1300554,27
,0.0,0.0,0.0,0.0,0.0,0.0,0.0,0.0,0.18,0.13,1.0,1.0,1301907,3
,0.0,0.0,0.0,0.0,0.0,0.0,0.0,0.0,0.1,0.07,1.0,1.0,1302220,45
0.005025125628140704,0.0136986301369863,0.0,0.0,0.0,0.0,0.0,1.0,1.0,0.08,0.04,1.0,1.0,1304220,6
0.005025125628140704,0.00510204081632653,0.0,0.0,0.0,0.0,0.0,0.0,1.0,0.14,0.09,1.0,1.0,1308113,29
0.007575757575757576,0.03333333333333333,0.0,0.0,0.0,0.0,0.5,0.5,1.0,0.16,0.11,1.0,1.0,1309075,11
0.005025125628140704,0.07692307692307693,0.0,0.0,0.0,0.0,1.0,1.0,1.0,0.18,0.11,1.0,1.0,1314325,28
,0.0,0.0,0.0,0.0,0.0,0.0,0.0,0.0,0.14,0.1,1.0,1.0,1318329,1
,0.0,0.0,0.0,0.0,0.0,0.0,0.0,0.0,0.18,0.09,1.0,1.0,1318614,15
,0.0,0.0,0.0,0.0,0.0,0.0,0.0,0.0,0.12,0.09,1.0,1.0,1318938,5
,0.0,0.0,0.0,0.0,0.0,0.0,0.0,0.0,0.16,0.09,1.0,1.0,1320533,31
,0.0,0.0,0.0,0.0,0.0,0.0,0.0,0.0,0.14,0.11,1.0,1.0,1320872,3
,0.0,0.0,0.0,0.0,0.0,0.0,0.0,0.0,0.16,0.09,1.0,1.0,1323002,9
0.005025125628140704,0.016129032258064516,0.0,0.0,0.0,0.0,0.0,1.0,1.0,0.14,0.1,1.0,1.0,1328488,34
0.01015228426395939,0.024390243902439025,0.0,0.0,0.0,0.0,0.6666666666666666,1.0,1.0,0.2,0.11,1.0,1.0,1331272,56
,0.0,0.0,0.0,0.0,0.0,0.0,0.0,0.0,0.18,0.12,1.0,1.0,1331513,32
0.01015228426395939,0.014705882352941176,0.0,0.0,0.0,0.0,0.0,0.6666666666666666,1.0,0.2,0.11,1.0,1.0,1331854,68
0.007575757575757576,0.007352941176470588,0.0,0.0,0.0,0.0,0.0,0.0,1.0,0.18,0.1,1.0,1.0,1336589,89
,0.0,0.0,0.0,0.0,0.0,0.0,0.0,0.0,0.16,0.1,1.0,1.0,1339103,23
,0.0,0.0,0.0,0.0,0.0,0.0,0.0,0.0,0.16,0.1,1.0,1.0,1347637,1
,0.0,0.0,0.0,0.0,0.0,0.0,0.0,0.0,0.14,0.1,1.0,1.0,1349046,1
,0.0,0.0,0.0,0.0,0.0,0.0,0.0,0.0,0.14,0.08,1.0,1.0,1353550,1
,0.0,0.0,0.0,0.0,0.0,0.0,0.0,0.0,0.18,0.11,1.0,1.0,1355082,1
,0.0,0.0,0.0,0.0,0.0,0.0,0.0,0.0,0.18,0.11,1.0,1.0,1358150,4
,0.0,0.0,0.0,0.0,0.0,0.0,0.0,0.0,0.16,0.1,1.0,1.0,1359753,8
0.005025125628140704,0.02564102564102564,0.0,0.0,0.0,0.0,1.0,1.0,1.0,0.2,0.1,1.0,1.0,1360769,33
0.005025125628140704,0.008064516129032258,0.0,0.0,0.0,0.0,0.0,0.0,1.0,0.12,0.07,1.0,1.0,1367204,21
0.007575757575757576,0.06666666666666667,0.0,0.0,0.0,0.0,0.5,1.0,1.0,0.12,0.07,1.0,1.0,1368005,7
,0.0,0.0,0.0,0.0,0.0,0.0,0.0,0.0,0.14,0.09,1.0,1.0,1369252,4
,0.0,0.0,0.0,0.0,0.0,0.0,0.0,0.0,0.2,0.11,1.0,1.0,1370384,19
0.005025125628140704,0.00558659217877095,0.0,0.0,0.0,0.0,0.0,0.0,1.0,0.16,0.09,1.0,1.0,1370739,10
,0.0,0.0,0.0,0.0,0.0,0.0,0.0,0.0,0.08,0.08,1.0,1.0,1371941,4
,0.0,0.0,0.0,0.0,0.0,0.0,0.0,0.0,0.14,0.09,1.0,1.0,1373695,5
,0.0,0.0,0.0,0.0,0.0,0.0,0.0,0.0,0.14,0.1,1.0,1.0,1373867,4
,0.0,0.0,0.0,0.0,0.0,0.0,0.0,0.0,0.16,0.09,1.0,1.0,1375689,12
0.01015228426395939,0.020833333333333332,0.0,0.0,0.0,0.0,0.3333333333333333,0.3333333333333333,1.0,0.14,0.09,1.0,1.0,1377811,68
,0.0,0.0,0.0,0.0,0.0,0.0,0.0,0.0,0.14,0.08,1.0,1.0,1378883,3
0.005025125628140704,0.009174311926605505,0.0,0.0,0.0,0.0,0.0,0.0,1.0,0.14,0.09,1.0,1.0,1379023,1
0.005025125628140704,0.016666666666666666,0.0,0.0,0.0,0.0,0.0,1.0,1.0,0.16,0.08,1.0,1.0,1380345,14
,0.0,0.0,0.0,0.0,0.0,0.0,0.0,0.0,0.16,0.12,1.0,1.0,1383127,20
0.005025125628140704,0.0058823529411764705,0.0,0.0,0.0,0.0,0.0,0.0,1.0,0.2,0.1,1.0,1.0,1383987,50
,0.0,0.0,0.0,0.0,0.0,0.0,0.0,0.0,0.1,0.07,1.0,1.0,1387981,28
0.005025125628140704,0.011764705882352941,0.0,0.0,0.0,0.0,0.0,1.0,1.0,0.16,0.1,1.0,1.0,1389997,26
,0.0,0.0,0.0,0.0,0.0,0.0,0.0,0.0,0.16,0.11,1.0,1.0,1390343,27
0.005025125628140704,0.010416666666666666,0.0,0.0,0.0,0.0,0.0,1.0,1.0,0.18,0.1,1.0,1.0,1395265,21
,0.0,0.0,0.0,0.0,0.0,0.0,0.0,0.0,0.16,0.09,1.0,1.0,1396768,2
,0.0,0.0,0.0,0.0,0.0,0.0,0.0,0.0,0.16,0.09,1.0,1.0,1397437,16
,0.0,0.0,0.0,0.0,0.0,0.0,0.0,0.0,0.18,0.1,1.0,1.0,1399717,17
,0.0,0.0,0.0,0.0,0.0,0.0,0.0,0.0,0.16,0.09,1.0,1.0,1400732,4
,0.0,0.0,0.0,0.0,0.0,0.0,0.0,0.0,0.14,0.09,1.0,1.0,1403271,5
0.007575757575757576,0.08333333333333333,0.0,0.0,0.0,0.0,0.5,1.0,1.0,0.12,0.08,1.0,1.0,1404164,8
0.005025125628140704,0.006622516556291391,0.0,0.0,0.0,0.0,0.0,0.0,1.0,0.1,0.07,1.0,1.0,1404181,5
,0.0,0.0,0.0,0.0,0.0,0.0,0.0,0.0,0.12,0.08,1.0,1.0,1405810,3
,0.0,0.0,0.0,0.0,0.0,0.0,0.0,0.0,0.2,0.11,1.0,1.0,1408513,7
,0.0,0.0,0.0,0.0,0.0,0.0,0.0,0.0,0.14,0.08,1.0,1.0,1408741,2
,0.0,0.0,0.0,0.0,0.0,0.0,0.0,0.0,0.04,0.05,1.0,1.0,1409173,2
0.01015228426395939,0.020833333333333332,0.0,0.0,0.0,0.0,0.3333333333333333,0.3333333333333333,1.0,0.16,0.09,1.0,1.0,1412107,75
,0.0,0.0,0.0,0.0,0.0,0.0,0.0,0.0,0.1,0.07,1.0,1.0,1418574,18
,0.0,0.0,0.0,0.0,0.0,0.0,0.0,0.0,0.16,0.08,1.0,1.0,1427639,2
,0.0,0.0,0.0,0.0,0.0,0.0,0.0,0.0,0.16,0.09,1.0,1.0,1428063,8
,0.0,0.0,0.0,0.0,0.0,0.0,0.0,0.0,0.18,0.1,1.0,1.0,1432021,28
,0.0,0.0,0.0,0.0,0.0,0.0,0.0,0.0,0.12,0.09,1.0,1.0,1438316,1
0.005025125628140704,0.011363636363636364,0.0,0.0,0.0,0.0,0.0,1.0,1.0,0.14,0.08,1.0,1.0,1439546,49
,0.0,0.0,0.0,0.0,0.0,0.0,0.0,0.0,0.12,0.07,1.0,1.0,1444552,1
,0.0,0.0,0.0,0.0,0.0,0.0,0.0,0.0,0.18,0.09,1.0,1.0,1447473,13
,0.0,0.0,0.0,0.0,0.0,0.0,0.0,0.0,0.18,0.1,1.0,1.0,1448312,19
0.007575757575757576,0.0196078431372549,0.0,0.0,0.0,0.0,0.0,1.0,1.0,0.2,0.1,1.0,1.0,1449688,18
,0.0,0.0,0.0,0.0,0.0,0.0,0.0,0.0,0.14,0.08,1.0,1.0,1449958,10
0.005025125628140704,0.005681818181818182,0.0,0.0,0.0,0.0,0.0,0.0,1.0,0.16,0.11,1.0,1.0,1450284,36
,0.0,0.0,0.0,0.0,0.0,0.0,0.0,0.0,0.06,0.07,1.0,1.0,1454466,4
,0.0,0.0,0.0,0.0,0.0,0.0,0.0,0.0,0.16,0.09,1.0,1.0,1459379,1
,0.0,0.0,0.0,0.0,0.0,0.0,0.0,0.0,0.12,0.08,1.0,1.0,1459908,7
0.007575757575757576,0.013157894736842105,0.0,0.0,0.0,0.0,0.0,0.5,1.0,0.08,0.06,1.0,1.0,1462963,18
,0.0,0.0,0.0,0.0,0.0,0.0,0.0,0.0,0.2,0.11,1.0,1.0,1463723,4
,0.0,0.0,0.0,0.0,0.0,0.0,0.0,0.0,0.14,0.08,1.0,1.0,1467043,25
,0.0,0.0,0.0,0.0,0.0,0.0,0.0,0.0,0.08,0.06,1.0,1.0,1469458,3
,0.0,0.0,0.0,0.0,0.0,0.0,0.0,0.0,0.16,0.09,1.0,1.0,1470346,5
,0.0,0.0,0.0,0.0,0.0,0.0,0.0,0.0,0.1,0.08,1.0,1.0,1470585,20
0.005025125628140704,0.012987012987012988,0.0,0.0,0.0,0.0,0.0,1.0,1.0,0.16,0.1,1.0,1.0,1473460,44
,0.0,0.0,0.0,0.0,0.0,0.0,0.0,0.0,0.08,0.05,1.0,1.0,1479466,2
,0.0,0.0,0.0,0.0,0.0,0.0,0.0,0.0,0.12,0.08,1.0,1.0,1479996,1
,0.0,0.0,0.0,0.0,0.0,0.0,0.0,0.0,0.12,0.07,1.0,1.0,1480380,2
0.005025125628140704,0.006944444444444444,0.0,0.0,0.0,0.0,0.0,0.0,1.0,0.16,0.11,1.0,1.0,1481473,34
,0.0,0.0,0.0,0.0,0.0,0.0,0.0,0.0,0.12,0.07,1.0,1.0,1486349,8
0.005025125628140704,0.037037037037037035,0.0,0.0,0.0,0.0,1.0,1.0,1.0,0.06,0.05,1.0,1.0,1487190,5
,0.0,0.0,0.0,0.0,0.0,0.0,0.0,0.0,0.16,0.08,1.0,1.0,1498918,28
,0.0,0.0,0.0,0.0,0.0,0.0,0.0,0.0,0.18,0.1,1.0,1.0,1500590,49
,0.0,0.0,0.0,0.0,0.0,0.0,0.0,0.0,0.06,0.07,1.0,1.0,1504141,3
,0.0,0.0,0.0,0.0,0.0,0.0,0.0,0.0,0.08,0.08,1.0,1.0,1505173,12
,0.0,0.0,0.0,0.0,0.0,0.0,0.0,0.0,0.14,0.08,1.0,1.0,1511070,8
,0.0,0.0,0.0,0.0,0.0,0.0,0.0,0.0,0.14,0.12,1.0,1.0,1512064,10
,0.0,0.0,0.0,0.0,0.0,0.0,0.0,0.0,0.14,0.09,1.0,1.0,1514042,20
,0.0,0.0,0.0,0.0,0.0,0.0,0.0,0.0,0.14,0.09,1.0,1.0,1514088,30
,0.0,0.0,0.0,0.0,0.0,0.0,0.0,0.0,0.12,0.1,1.0,1.0,1515900,28
,0.0,0.0,0.0,0.0,0.0,0.0,0.0,0.0,0.12,0.06,1.0,1.0,1525711,5
,0.0,0.0,0.0,0.0,0.0,0.0,0.0,0.0,0.12,0.09,1.0,1.0,1531241,24
,0.0,0.0,0.0,0.0,0.0,0.0,0.0,0.0,0.18,0.11,1.0,1.0,1531280,5
,0.0,0.0,0.0,0.0,0.0,0.0,0.0,0.0,0.18,0.1,1.0,1.0,1532446,4
,0.0,0.0,0.0,0.0,0.0,0.0,0.0,0.0,0.12,0.08,1.0,1.0,1534893,2
,0.0,0.0,0.0,0.0,0.0,0.0,0.0,0.0,0.16,0.1,1.0,1.0,1541887,31
,0.0,0.0,0.0,0.0,0.0,0.0,0.0,0.0,0.16,0.09,1.0,1.0,1542753,12
,0.0,0.0,0.0,0.0,0.0,0.0,0.0,0.0,0.16,0.09,1.0,1.0,1542756,38
0.012755102040816327,0.07142857142857142,0.0,0.0,0.0,0.0,0.5,1.0,1.0,0.16,0.08,1.0,1.0,1542768,55
,0.0,0.0,0.0,0.0,0.0,0.0,0.0,0.0,0.06,0.06,1.0,1.0,1542939,27
,0.0,0.0,0.0,0.0,0.0,0.0,0.0,0.0,0.16,0.09,1.0,1.0,1542952,5
,0.0,0.0,0.0,0.0,0.0,0.0,0.0,0.0,0.1,0.08,1.0,1.0,1544674,4
,0.0,0.0,0.0,0.0,0.0,0.0,0.0,0.0,0.04,0.04,1.0,1.0,1545122,3
,0.0,0.0,0.0,0.0,0.0,0.0,0.0,0.0,0.22,0.12,1.0,1.0,1546322,23
0.005025125628140704,0.014084507042253521,0.0,0.0,0.0,0.0,0.0,1.0,1.0,0.18,0.11,1.0,1.0,1548114,14
,0.0,0.0,0.0,0.0,0.0,0.0,0.0,0.0,0.14,0.08,1.0,1.0,1552171,12
,0.0,0.0,0.0,0.0,0.0,0.0,0.0,0.0,0.16,0.08,1.0,1.0,1553852,26
0.005025125628140704,0.14285714285714285,0.0,0.3333333333333333,0.0,1.0,1.0,1.0,1.0,0.1,0.07,1.0,1.0,1554035,5
,0.0,0.0,0.0,0.0,0.0,0.0,0.0,0.0,0.14,0.09,1.0,1.0,1557364,13
,0.0,0.0,0.0,0.0,0.0,0.0,0.0,0.0,0.14,0.09,1.0,1.0,1558309,3
0.005025125628140704,0.01098901098901099,0.0,0.0,0.0,0.0,0.0,1.0,1.0,0.16,0.11,1.0,1.0,1561074,23
0.01015228426395939,0.019230769230769232,0.0,0.0,0.0,0.0,0.0,0.6666666666666666,1.0,0.16,0.09,1.0,1.0,1562408,59
,0.0,0.0,0.0,0.0,0.0,0.0,0.0,0.0,0.12,0.08,1.0,1.0,1562766,8
,0.0,0.0,0.0,0.0,0.0,0.0,0.0,0.0,0.16,0.11,1.0,1.0,1562772,13
0.01015228426395939,0.05263157894736842,0.0,0.0,0.0,0.0,0.6666666666666666,0.6666666666666666,1.0,0.18,0.09,1.0,1.0,1563464,50
,0.0,0.0,0.0,0.0,0.0,0.0,0.0,0.0,0.16,0.1,1.0,1.0,1563751,16
,0.0,0.0,0.0,0.0,0.0,0.0,0.0,0.0,0.16,0.08,1.0,1.0,1567444,30
0.005025125628140704,0.006711409395973154,0.0,0.0,0.0,0.0,0.0,0.0,1.0,0.2,0.1,1.0,1.0,1571355,15
,0.0,0.0,0.0,0.0,0.0,0.0,0.0,0.0,0.22,0.12,1.0,1.0,1571401,98
0.005025125628140704,0.008403361344537815,0.0,0.0,0.0,0.0,0.0,0.0,1.0,0.22,0.12,1.0,1.0,1571714,34
,0.0,0.0,0.0,0.0,0.0,0.0,0.0,0.0,0.18,0.11,1.0,1.0,1572740,4
,0.0,0.0,0.0,0.0,0.0,0.0,0.0,0.0,0.12,0.08,1.0,1.0,1577231,16
,0.0,0.0,0.0,0.0,0.0,0.0,0.0,0.0,0.14,0.08,1.0,1.0,1578249,15
,0.0,0.0,0.0,0.0,0.0,0.0,0.0,0.0,0.18,0.09,1.0,1.0,1578371,7
,0.0,0.0,0.0,0.0,0.0,0.0,0.0,0.0,0.12,0.1,1.0,1.0,1579040,46
,0.0,0.0,0.0,0.0,0.0,0.0,0.0,0.0,0.08,0.05,1.0,1.0,1581832,1
,0.0,0.0,0.0,0.0,0.0,0.0,0.0,0.0,0.1,0.1,1.0,1.0,1582437,10
0.005025125628140704,0.009345794392523364,0.0,0.0,0.0,0.0,0.0,0.0,1.0,0.1,0.07,1.0,1.0,1583271,7
0.01015228426395939,0.03333333333333333,0.0,0.0,0.0,0.0,0.3333333333333333,0.3333333333333333,1.0,0.18,0.09,1.0,1.0,1583352,33
0.005025125628140704,0.005208333333333333,0.0,0.0,0.0,0.0,0.0,0.0,1.0,0.16,0.08,1.0,1.0,1585102,26
,0.0,0.0,0.0,0.0,0.0,0.0,0.0,0.0,0.16,0.08,1.0,1.0,1591833,1
,0.0,0.0,0.0,0.0,0.0,0.0,0.0,0.0,0.16,0.1,1.0,1.0,1592132,2
,0.0,0.0,0.0,0.0,0.0,0.0,0.0,0.0,0.14,0.08,1.0,1.0,1593535,20
0.005025125628140704,0.006369426751592357,0.0,0.0,0.0,0.0,0.0,0.0,1.0,0.2,0.12,1.0,1.0,1594652,81
0.005025125628140704,0.007142857142857143,0.0,0.0,0.0,0.0,0.0,0.0,1.0,0.16,0.09,1.0,1.0,1595250,15
,0.0,0.0,0.0,0.0,0.0,0.0,0.0,0.0,0.1,0.07,1.0,1.0,1598988,2
,0.0,0.0,0.0,0.0,0.0,0.0,0.0,0.0,0.16,0.09,1.0,1.0,1602581,2
0.005025125628140704,0.005235602094240838,0.0,0.0,0.0,0.0,0.0,0.0,1.0,0.12,0.1,1.0,1.0,1602934,1
0.005025125628140704,0.02127659574468085,0.0,0.0,0.0,0.0,1.0,1.0,1.0,0.12,0.08,1.0,1.0,1604401,58
,0.0,0.0,0.0,0.0,0.0,0.0,0.0,0.0,0.08,0.05,1.0,1.0,1605097,2
,0.0,0.0,0.0,0.0,0.0,0.0,0.0,0.0,0.14,0.1,1.0,1.0,1606593,5
0.005025125628140704,0.03571428571428571,0.0,0.0,0.0,0.0,1.0,1.0,1.0,0.1,0.07,1.0,1.0,1606903,11
,0.0,0.0,0.0,0.0,0.0,0.0,0.0,0.0,0.08,0.07,1.0,1.0,1613843,5
,0.0,0.0,0.0,0.0,0.0,0.0,0.0,0.0,0.2,0.12,1.0,1.0,1614920,38
0.005025125628140704,0.010752688172043012,0.0,0.0,0.0,0.0,0.0,1.0,1.0,0.16,0.12,1.0,1.0,1615937,12
,0.0,0.0,0.0,0.0,0.0,0.0,0.0,0.0,0.14,0.09,1.0,1.0,1617801,7
,0.0,0.0,0.0,0.0,0.0,0.0,0.0,0.0,0.18,0.11,1.0,1.0,1619579,43
0.005025125628140704,0.010526315789473684,0.0,0.0,0.0,0.0,0.0,1.0,1.0,0.18,0.11,1.0,1.0,1621087,11
0.0234375,0.014925373134328358,0.0,0.0,0.0,0.0,0.0,0.125,1.0,0.16,0.1,1.0,1.0,1622906,63
,0.0,0.0,0.0,0.0,0.0,0.0,0.0,0.0,0.16,0.1,1.0,1.0,1631327,16
,0.0,0.0,0.0,0.0,0.0,0.0,0.0,0.0,0.22,0.13,1.0,1.0,1632433,5
,0.0,0.0,0.0,0.0,0.0,0.0,0.0,0.0,0.12,0.08,1.0,1.0,1632935,1
,0.0,0.0,0.0,0.0,0.0,0.0,0.0,0.0,0.12,0.08,1.0,1.0,1636133,11
,0.0,0.0,0.0,0.0,0.0,0.0,0.0,0.0,0.12,0.06,1.0,1.0,1639620,10
0.005025125628140704,0.008264462809917356,0.0,0.0,0.0,0.0,0.0,0.0,1.0,0.08,0.07,1.0,1.0,1640761,9
,0.0,0.0,0.0,0.0,0.0,0.0,0.0,0.0,0.16,0.1,1.0,1.0,1641482,25
0.005025125628140704,0.0064516129032258064,0.0,0.0,0.0,0.0,0.0,0.0,1.0,0.16,0.11,1.0,1.0,1642737,16
,0.0,0.0,0.0,0.0,0.0,0.0,0.0,0.0,0.2,0.1,1.0,1.0,1645664,19
,0.0,0.0,0.0,0.0,0.0,0.0,0.0,0.0,0.14,0.09,1.0,1.0,1647768,13
,0.0,0.0,0.0,0.0,0.0,0.0,0.0,0.0,0.06,0.05,1.0,1.0,1648259,2
,0.0,0.0,0.0,0.0,0.0,0.0,0.0,0.0,0.12,0.09,1.0,1.0,1652890,13
0.01015228426395939,0.03225806451612903,0.0,0.0,0.0,0.0,0.3333333333333333,0.6666666666666666,1.0,0.1,0.07,1.0,1.0,1654428,12
,0.0,0.0,0.0,0.0,0.0,0.0,0.0,0.0,0.08,0.08,1.0,1.0,1655216,3
,0.0,0.0,0.0,0.0,0.0,0.0,0.0,0.0,0.14,0.08,1.0,1.0,1657590,14
,0.0,0.0,0.0,0.0,0.0,0.0,0.0,0.0,0.14,0.08,1.0,1.0,1658839,7
0.005025125628140704,0.02127659574468085,0.0,0.0,0.0,0.0,1.0,1.0,1.0,0.16,0.1,1.0,1.0,1659981,25
,0.0,0.0,0.0,0.0,0.0,0.0,0.0,0.0,0.16,0.1,1.0,1.0,1660367,7
,0.0,0.0,0.0,0.0,0.0,0.0,0.0,0.0,0.14,0.08,1.0,1.0,1661858,6
,0.0,0.0,0.0,0.0,0.0,0.0,0.0,0.0,0.18,0.09,1.0,1.0,1664967,18
,0.0,0.0,0.0,0.0,0.0,0.0,0.0,0.0,0.14,0.1,1.0,1.0,1664974,6
,0.0,0.0,0.0,0.0,0.0,0.0,0.0,0.0,0.12,0.08,1.0,1.0,1665409,1
,0.0,0.0,0.0,0.0,0.0,0.0,0.0,0.0,0.18,0.1,1.0,1.0,1674041,7
,0.0,0.0,0.0,0.0,0.0,0.0,0.0,0.0,0.14,0.1,1.0,1.0,1680426,10
,0.0,0.0,0.0,0.0,0.0,0.0,0.0,0.0,0.14,0.09,1.0,1.0,1683239,8
,0.0,0.0,0.0,0.0,0.0,0.0,0.0,0.0,0.14,0.1,1.0,1.0,1683484,15
,0.0,0.0,0.0,0.0,0.0,0.0,0.0,0.0,0.22,0.14,1.0,1.0,1686561,3
,0.0,0.0,0.0,0.0,0.0,0.0,0.0,0.0,0.14,0.08,1.0,1.0,1686565,16
,0.0,0.0,0.0,0.0,0.0,0.0,0.0,0.0,0.14,0.09,1.0,1.0,1686658,2
0.005025125628140704,0.011494252873563218,0.0,0.0,0.0,0.0,0.0,1.0,1.0,0.16,0.1,1.0,1.0,1686860,81
,0.0,0.0,0.0,0.0,0.0,0.0,0.0,0.0,0.1,0.07,1.0,1.0,1686996,5
,0.0,0.0,0.0,0.0,0.0,0.0,0.0,0.0,0.14,0.08,1.0,1.0,1687310,30
0.012755102040816327,0.05,0.0,0.0,0.0,0.0,0.5,0.75,1.0,0.1,0.06,1.0,1.0,1688620,6
,0.0,0.0,0.0,0.0,0.0,0.0,0.0,0.0,0.16,0.09,1.0,1.0,1690618,2
,0.0,0.0,0.0,0.0,0.0,0.0,0.0,0.0,0.16,0.1,1.0,1.0,1691388,13
,0.0,0.0,0.0,0.0,0.0,0.0,0.0,0.0,0.14,0.1,1.0,1.0,1692398,25
,0.0,0.0,0.0,0.0,0.0,0.0,0.0,0.0,0.2,0.11,1.0,1.0,1693059,14
,0.0,0.0,0.0,0.0,0.0,0.0,0.0,0.0,0.16,0.09,1.0,1.0,1696878,14
0.007575757575757576,0.00546448087431694,0.0,0.0,0.0,0.0,0.0,0.0,1.0,0.18,0.09,1.0,1.0,1697436,43
,0.0,0.0,0.0,0.0,0.0,0.0,0.0,0.0,0.08,0.05,1.0,1.0,1697501,3
,0.0,0.0,0.0,0.0,0.0,0.0,0.0,0.0,0.18,0.1,1.0,1.0,1699393,14
0.005025125628140704,0.015625,0.0,0.0,0.0,0.0,0.0,1.0,1.0,0.16,0.08,1.0,1.0,1699516,12
,0.0,0.0,0.0,0.0,0.0,0.0,0.0,0.0,0.12,0.07,1.0,1.0,1699521,5
,0.0,0.0,0.0,0.0,0.0,0.0,0.0,0.0,0.18,0.11,1.0,1.0,1701108,24
,0.0,0.0,0.0,0.0,0.0,0.0,0.0,0.0,0.16,0.08,1.0,1.0,1702535,1
,0.0,0.0,0.0,0.0,0.0,0.0,0.0,0.0,0.12,0.09,1.0,1.0,1703263,27
0.007575757575757576,0.010869565217391304,0.0,0.0,0.0,0.0,0.0,0.5,1.0,0.18,0.09,1.0,1.0,1703304,73
,0.0,0.0,0.0,0.0,0.0,0.0,0.0,0.0,0.18,0.1,1.0,1.0,1706553,21
0.005025125628140704,0.03125,0.0,0.0,0.0,0.0,1.0,1.0,1.0,0.1,0.06,1.0,1.0,1709931,15
,0.0,0.0,0.0,0.0,0.0,0.0,0.0,0.0,0.14,0.08,1.0,1.0,1711183,7
,0.0,0.0,0.0,0.0,0.0,0.0,0.0,0.0,0.1,0.08,1.0,1.0,1712491,3
0.005025125628140704,0.011764705882352941,0.0,0.0,0.0,0.0,0.0,1.0,1.0,0.18,0.1,1.0,1.0,1718049,11
,0.0,0.0,0.0,0.0,0.0,0.0,0.0,0.0,0.14,0.12,1.0,1.0,1718838,19
0.007575757575757576,0.007407407407407408,0.0,0.0,0.0,0.0,0.0,0.0,1.0,0.14,0.09,1.0,1.0,1721133,32
,0.0,0.0,0.0,0.0,0.0,0.0,0.0,0.0,0.12,0.09,1.0,1.0,1725399,1
,0.0,0.0,0.0,0.0,0.0,0.0,0.0,0.0,0.16,0.1,1.0,1.0,1727622,5
,0.0,0.0,0.0,0.0,0.0,0.0,0.0,0.0,0.16,0.11,1.0,1.0,1728794,35
,0.0,0.0,0.0,0.0,0.0,0.0,0.0,0.0,0.18,0.11,1.0,1.0,1732429,33
0.005025125628140704,0.006896551724137931,0.0,0.0,0.0,0.0,0.0,0.0,1.0,0.14,0.1,1.0,1.0,1734750,7
,0.0,0.0,0.0,0.0,0.0,0.0,0.0,0.0,0.12,0.07,1.0,1.0,1735031,1
,0.0,0.0,0.0,0.0,0.0,0.0,0.0,0.0,0.12,0.08,1.0,1.0,1735089,14
,0.0,0.0,0.0,0.0,0.0,0.0,0.0,0.0,0.16,0.1,1.0,1.0,1739740,5
0.005025125628140704,0.006756756756756757,0.0,0.0,0.0,0.0,0.0,0.0,1.0,0.08,0.07,1.0,1.0,1744238,24
0.01015228426395939,0.07692307692307693,0.0,0.0,0.0,0.0,0.3333333333333333,0.3333333333333333,1.0,0.1,0.06,1.0,1.0,1744285,21
,0.0,0.0,0.0,0.0,0.0,0.0,0.0,0.0,0.06,0.07,1.0,1.0,1745739,2
,0.0,0.0,0.0,0.0,0.0,0.0,0.0,0.0,0.18,0.09,1.0,1.0,1746537,19
0.005025125628140704,0.010101010101010102,0.0,0.0,0.0,0.0,0.0,1.0,1.0,0.16,0.1,1.0,1.0,1747023,33
,0.0,0.0,0.0,0.0,0.0,0.0,0.0,0.0,0.04,0.05,1.0,1.0,1747939,1
,0.0,0.0,0.0,0.0,0.0,0.0,0.0,0.0,0.14,0.09,1.0,1.0,1748436,43
0.005025125628140704,0.014285714285714285,0.0,0.0,0.0,0.0,0.0,1.0,1.0,0.14,0.11,1.0,1.0,1753136,36
0.005025125628140704,0.00847457627118644,0.0,0.0,0.0,0.0,0.0,0.0,1.0,0.14,0.07,1.0,1.0,1754583,11
,0.0,0.0,0.0,0.0,0.0,0.0,0.0,0.0,0.14,0.09,1.0,1.0,1761749,4
,0.0,0.0,0.0,0.0,0.0,0.0,0.0,0.0,0.14,0.1,1.0,1.0,1762623,47
,0.0,0.0,0.0,0.0,0.0,0.0,0.0,0.0,0.1,0.05,1.0,1.0,1762880,10
,0.0,0.0,0.0,0.0,0.0,0.0,0.0,0.0,0.16,0.1,1.0,1.0,1766065,15
0.012755102040816327,0.02702702702702703,0.0,0.0,0.0,0.0,0.75,1.0,1.0,0.18,0.09,1.0,1.0,1769232,16
0.005025125628140704,0.3333333333333333,0.5,0.5,1.0,1.0,1.0,1.0,1.0,0.08,0.05,1.0,1.0,1769976,1
,0.0,0.0,0.0,0.0,0.0,0.0,0.0,0.0,0.12,0.08,1.0,1.0,1770976,7
,0.0,0.0,0.0,0.0,0.0,0.0,0.0,0.0,0.16,0.09,1.0,1.0,1778414,22
0.007575757575757576,0.03225806451612903,0.0,0.0,0.0,0.0,1.0,1.0,1.0,0.14,0.09,1.0,1.0,1779138,31
,0.0,0.0,0.0,0.0,0.0,0.0,0.0,0.0,0.18,0.1,1.0,1.0,1782482,3
0.005025125628140704,0.006944444444444444,0.0,0.0,0.0,0.0,0.0,0.0,1.0,0.18,0.11,1.0,1.0,1783728,25
,0.0,0.0,0.0,0.0,0.0,0.0,0.0,0.0,0.14,0.09,1.0,1.0,1783752,4
0.005025125628140704,0.012987012987012988,0.0,0.0,0.0,0.0,0.0,1.0,1.0,0.18,0.1,1.0,1.0,1785149,55
,0.0,0.0,0.0,0.0,0.0,0.0,0.0,0.0,0.12,0.09,1.0,1.0,1788365,35
,0.0,0.0,0.0,0.0,0.0,0.0,0.0,0.0,0.08,0.07,1.0,1.0,1790214,1
0.005025125628140704,0.006622516556291391,0.0,0.0,0.0,0.0,0.0,0.0,1.0,0.1,0.07,1.0,1.0,1791251,34
,0.0,0.0,0.0,0.0,0.0,0.0,0.0,0.0,0.14,0.1,1.0,1.0,1799180,51
0.005025125628140704,0.029411764705882353,0.0,0.0,0.0,0.0,1.0,1.0,1.0,0.18,0.11,1.0,1.0,1802703,25
,0.0,0.0,0.0,0.0,0.0,0.0,0.0,0.0,0.16,0.1,1.0,1.0,1803121,28
,0.0,0.0,0.0,0.0,0.0,0.0,0.0,0.0,0.1,0.07,1.0,1.0,1804602,2
,0.0,0.0,0.0,0.0,0.0,0.0,0.0,0.0,0.2,0.1,1.0,1.0,1804806,17
0.005025125628140704,0.022222222222222223,0.0,0.0,0.0,0.0,1.0,1.0,1.0,0.06,0.07,1.0,1.0,1806211,12
,0.0,0.0,0.0,0.0,0.0,0.0,0.0,0.0,0.22,0.11,1.0,1.0,1806363,17
,0.0,0.0,0.0,0.0,0.0,0.0,0.0,0.0,0.14,0.08,1.0,1.0,1809250,5
0.005025125628140704,0.005025125628140704,0.0,0.0,0.0,0.0,0.0,0.0,1.0,0.2,0.11,1.0,1.0,1810529,54
,0.0,0.0,0.0,0.0,0.0,0.0,0.0,0.0,0.18,0.09,1.0,1.0,1810962,11
0.007575757575757576,0.05555555555555555,0.0,0.0,0.0,0.0,1.0,1.0,1.0,0.12,0.09,1.0,1.0,1811637,21
,0.0,0.0,0.0,0.0,0.0,0.0,0.0,0.0,0.14,0.07,1.0,1.0,1815262,2
,0.0,0.0,0.0,0.0,0.0,0.0,0.0,0.0,0.16,0.09,1.0,1.0,1822647,11
,0.0,0.0,0.0,0.0,0.0,0.0,0.0,0.0,0.1,0.07,1.0,1.0,1823235,8
,0.0,0.0,0.0,0.0,0.0,0.0,0.0,0.0,0.14,0.11,1.0,1.0,1823251,3
0.007575757575757576,0.009900990099009901,0.0,0.0,0.0,0.0,0.0,0.0,1.0,0.06,0.03,1.0,1.0,1823910,8
,0.0,0.0,0.0,0.0,0.0,0.0,0.0,0.0,0.16,0.12,1.0,1.0,1827042,34
0.005025125628140704,0.005,0.0,0.0,0.0,0.0,0.0,0.0,1.0,0.16,0.09,1.0,1.0,1830123,4
0.005025125628140704,0.0196078431372549,0.0,0.0,0.0,0.0,0.0,1.0,1.0,0.14,0.11,1.0,1.0,1833688,16
0.005025125628140704,0.005263157894736842,0.0,0.0,0.0,0.0,0.0,0.0,1.0,0.1,0.1,1.0,1.0,1834502,31
,0.0,0.0,0.0,0.0,0.0,0.0,0.0,0.0,0.14,0.08,1.0,1.0,1834807,11
,0.0,0.0,0.0,0.0,0.0,0.0,0.0,0.0,0.16,0.1,1.0,1.0,1835614,2
,0.0,0.0,0.0,0.0,0.0,0.0,0.0,0.0,0.16,0.09,1.0,1.0,1840209,17
,0.0,0.0,0.0,0.0,0.0,0.0,0.0,0.0,0.16,0.09,1.0,1.0,1840567,22
,0.0,0.0,0.0,0.0,0.0,0.0,0.0,0.0,0.16,0.1,1.0,1.0,1841877,67
,0.0,0.0,0.0,0.0,0.0,0.0,0.0,0.0,0.14,0.1,1.0,1.0,1842666,2
,0.0,0.0,0.0,0.0,0.0,0.0,0.0,0.0,0.18,0.12,1.0,1.0,1845202,21
,0.0,0.0,0.0,0.0,0.0,0.0,0.0,0.0,0.16,0.1,1.0,1.0,1855660,4
,0.0,0.0,0.0,0.0,0.0,0.0,0.0,0.0,0.14,0.09,1.0,1.0,1856951,27
,0.0,0.0,0.0,0.0,0.0,0.0,0.0,0.0,0.02,0.07,1.0,1.0,1858367,3
0.005025125628140704,0.043478260869565216,0.0,0.0,0.0,0.0,1.0,1.0,1.0,0.08,0.06,1.0,1.0,1862788,11
,0.0,0.0,0.0,0.0,0.0,0.0,0.0,0.0,0.18,0.09,1.0,1.0,1873066,9
0.012755102040816327,0.041666666666666664,0.0,0.0,0.0,0.0,0.25,0.5,1.0,0.06,0.06,1.0,1.0,1874962,26
,0.0,0.0,0.0,0.0,0.0,0.0,0.0,0.0,0.12,0.08,1.0,1.0,1877949,11
0.007575757575757576,0.014492753623188406,0.0,0.0,0.0,0.0,0.0,1.0,1.0,0.18,0.09,1.0,1.0,1879949,14
,0.0,0.0,0.0,0.0,0.0,0.0,0.0,0.0,0.14,0.09,1.0,1.0,1880421,11
,0.0,0.0,0.0,0.0,0.0,0.0,0.0,0.0,0.18,0.1,1.0,1.0,1880810,33
,0.0,0.0,0.0,0.0,0.0,0.0,0.0,0.0,0.2,0.12,1.0,1.0,1881717,16
0.005025125628140704,0.16666666666666666,0.0,0.3562071871080222,0.0,1.0,1.0,1.0,1.0,0.08,0.06,1.0,1.0,1885147,1
,0.0,0.0,0.0,0.0,0.0,0.0,0.0,0.0,0.14,0.08,1.0,1.0,1886804,9
,0.0,0.0,0.0,0.0,0.0,0.0,0.0,0.0,0.14,0.08,1.0,1.0,1886898,20
0.005025125628140704,0.006329113924050633,0.0,0.0,0.0,0.0,0.0,0.0,1.0,0.1,0.06,1.0,1.0,1886972,1
,0.0,0.0,0.0,0.0,0.0,0.0,0.0,0.0,0.2,0.11,1.0,1.0,1887306,38
,0.0,0.0,0.0,0.0,0.0,0.0,0.0,0.0,0.12,0.09,1.0,1.0,1887792,28
0.01015228426395939,0.03225806451612903,0.0,0.0,0.0,0.0,0.6666666666666666,1.0,1.0,0.08,0.07,1.0,1.0,1888545,7
,0.0,0.0,0.0,0.0,0.0,0.0,0.0,0.0,0.2,0.11,1.0,1.0,1900492,12
0.007575757575757576,0.017543859649122806,0.0,0.0,0.0,0.0,0.0,0.5,1.0,0.16,0.1,1.0,1.0,1901483,21
0.005025125628140704,0.0070921985815602835,0.0,0.0,0.0,0.0,0.0,0.0,1.0,0.18,0.12,1.0,1.0,1901938,22
,0.0,0.0,0.0,0.0,0.0,0.0,0.0,0.0,0.12,0.07,1.0,1.0,1902894,25
,0.0,0.0,0.0,0.0,0.0,0.0,0.0,0.0,0.14,0.08,1.0,1.0,1905655,3
,0.0,0.0,0.0,0.0,0.0,0.0,0.0,0.0,0.14,0.1,1.0,1.0,1907146,66
0.005025125628140704,0.011363636363636364,0.0,0.0,0.0,0.0,0.0,1.0,1.0,0.1,0.1,1.0,1.0,1908097,20
,0.0,0.0,0.0,0.0,0.0,0.0,0.0,0.0,0.06,0.07,1.0,1.0,1908736,10
,0.0,0.0,0.0,0.0,0.0,0.0,0.0,0.0,0.14,0.1,1.0,1.0,1911594,4
0.005025125628140704,0.029411764705882353,0.0,0.0,0.0,0.0,1.0,1.0,1.0,0.18,0.09,1.0,1.0,1912304,5
,0.0,0.0,0.0,0.0,0.0,0.0,0.0,0.0,0.14,0.11,1.0,1.0,1913472,8
,0.0,0.0,0.0,0.0,0.0,0.0,0.0,0.0,0.14,0.07,1.0,1.0,1918494,9
0.005025125628140704,0.022727272727272728,0.0,0.0,0.0,0.0,1.0,1.0,1.0,0.16,0.09,1.0,1.0,1919508,3
,0.0,0.0,0.0,0.0,0.0,0.0,0.0,0.0,0.08,0.08,1.0,1.0,1923297,13
,0.0,0.0,0.0,0.0,0.0,0.0,0.0,0.0,0.18,0.1,1.0,1.0,1923897,29
,0.0,0.0,0.0,0.0,0.0,0.0,0.0,0.0,0.14,0.1,1.0,1.0,1930567,12
0.005025125628140704,0.03225806451612903,0.0,0.0,0.0,0.0,1.0,1.0,1.0,0.12,0.07,1.0,1.0,1930942,31
,0.0,0.0,0.0,0.0,0.0,0.0,0.0,0.0,0.08,0.07,1.0,1.0,1932946,39
,0.0,0.0,0.0,0.0,0.0,0.0,0.0,0.0,0.1,0.06,1.0,1.0,1937208,2
,0.0,0.0,0.0,0.0,0.0,0.0,0.0,0.0,0.08,0.06,1.0,1.0,1938246,7
,0.0,0.0,0.0,0.0,0.0,0.0,0.0,0.0,0.14,0.08,1.0,1.0,1941520,8
,0.0,0.0,0.0,0.0,0.0,0.0,0.0,0.0,0.16,0.1,1.0,1.0,1943191,3
,0.0,0.0,0.0,0.0,0.0,0.0,0.0,0.0,0.14,0.08,1.0,1.0,1948775,8
,0.0,0.0,0.0,0.0,0.0,0.0,0.0,0.0,0.12,0.09,1.0,1.0,1948814,31
,0.0,0.0,0.0,0.0,0.0,0.0,0.0,0.0,0.1,0.06,1.0,1.0,1948909,3
0.007575757575757576,0.034482758620689655,0.0,0.0,0.0,0.0,0.5,1.0,1.0,0.14,0.09,1.0,1.0,1952887,43
0.005025125628140704,0.04,0.0,0.0,0.0,0.0,1.0,1.0,1.0,0.16,0.1,1.0,1.0,1954004,12
0.005025125628140704,0.011904761904761904,0.0,0.0,0.0,0.0,0.0,1.0,1.0,0.16,0.1,1.0,1.0,1955113,12
,0.0,0.0,0.0,0.0,0.0,0.0,0.0,0.0,0.14,0.1,1.0,1.0,1955119,1
0.005025125628140704,0.06666666666666667,0.0,0.0,0.0,0.0,1.0,1.0,1.0,0.16,0.1,1.0,1.0,1956329,36
0.005025125628140704,0.03225806451612903,0.0,0.0,0.0,0.0,1.0,1.0,1.0,0.18,0.1,1.0,1.0,1961735,64
0.005025125628140704,0.006578947368421052,0.0,0.0,0.0,0.0,0.0,0.0,1.0,0.18,0.09,1.0,1.0,1965353,36
0.005025125628140704,0.25,0.43067655807339306,0.43067655807339306,1.0,1.0,1.0,1.0,1.0,0.1,0.07,1.0,1.0,1970644,13
,0.0,0.0,0.0,0.0,0.0,0.0,0.0,0.0,0.16,0.1,1.0,1.0,1972165,3
,0.0,0.0,0.0,0.0,0.0,0.0,0.0,0.0,0.16,0.09,1.0,1.0,1974003,26
,0.0,0.0,0.0,0.0,0.0,0.0,0.0,0.0,0.16,0.09,1.0,1.0,1974170,5
0.007575757575757576,0.016666666666666666,0.0,0.0,0.0,0.0,0.0,1.0,1.0,0.1,0.07,1.0,1.0,1974260,37
,0.0,0.0,0.0,0.0,0.0,0.0,0.0,0.0,0.16,0.09,1.0,1.0,1974470,49
,0.0,0.0,0.0,0.0,0.0,0.0,0.0,0.0,0.14,0.09,1.0,1.0,1976045,31
0.01015228426395939,0.022727272727272728,0.0,0.0,0.0,0.0,0.3333333333333333,0.3333333333333333,1.0,0.16,0.09,1.0,1.0,1978399,36
,0.0,0.0,0.0,0.0,0.0,0.0,0.0,0.0,0.18,0.1,1.0,1.0,1984028,41
,0.0,0.0,0.0,0.0,0.0,0.0,0.0,0.0,0.22,0.11,1.0,1.0,1989619,21
,0.0,0.0,0.0,0.0,0.0,0.0,0.0,0.0,0.16,0.1,1.0,1.0,1990738,8
0.005025125628140704,0.03571428571428571,0.0,0.0,0.0,0.0,1.0,1.0,1.0,0.18,0.1,1.0,1.0,1991269,34
,0.0,0.0,0.0,0.0,0.0,0.0,0.0,0.0,0.18,0.09,1.0,1.0,1992684,28
,0.0,0.0,0.0,0.0,0.0,0.0,0.0,0.0,0.18,0.1,1.0,1.0,1992863,20
,0.0,0.0,0.0,0.0,0.0,0.0,0.0,0.0,0.14,0.1,1.0,1.0,1995559,1
,0.0,0.0,0.0,0.0,0.0,0.0,0.0,0.0,0.14,0.08,1.0,1.0,2001499,2
,0.0,0.0,0.0,0.0,0.0,0.0,0.0,0.0,0.18,0.09,1.0,1.0,2003901,54
,0.0,0.0,0.0,0.0,0.0,0.0,0.0,0.0,0.22,0.12,1.0,1.0,2006912,1
,0.0,0.0,0.0,0.0,0.0,0.0,0.0,0.0,0.14,0.07,1.0,1.0,2010640,14
,0.0,0.0,0.0,0.0,0.0,0.0,0.0,0.0,0.1,0.07,1.0,1.0,2014482,11
,0.0,0.0,0.0,0.0,0.0,0.0,0.0,0.0,0.12,0.09,1.0,1.0,2015664,43
,0.0,0.0,0.0,0.0,0.0,0.0,0.0,0.0,0.14,0.1,1.0,1.0,2017374,2
,0.0,0.0,0.0,0.0,0.0,0.0,0.0,0.0,0.12,0.08,1.0,1.0,2018629,2
,0.0,0.0,0.0,0.0,0.0,0.0,0.0,0.0,0.16,0.11,1.0,1.0,2018977,4
,0.0,0.0,0.0,0.0,0.0,0.0,0.0,0.0,0.18,0.09,1.0,1.0,2019514,18
0.005025125628140704,0.047619047619047616,0.0,0.0,0.0,0.0,1.0,1.0,1.0,0.2,0.11,1.0,1.0,2020878,38
,0.0,0.0,0.0,0.0,0.0,0.0,0.0,0.0,0.12,0.08,1.0,1.0,2021126,9
0.005025125628140704,0.005847953216374269,0.0,0.0,0.0,0.0,0.0,0.0,1.0,0.12,0.08,1.0,1.0,2023211,16
,0.0,0.0,0.0,0.0,0.0,0.0,0.0,0.0,0.18,0.1,1.0,1.0,2023960,54
0.012755102040816327,0.021739130434782608,0.0,0.0,0.0,0.0,0.25,0.5,1.0,0.06,0.05,1.0,1.0,2024936,9
0.005025125628140704,0.005128205128205128,0.0,0.0,0.0,0.0,0.0,0.0,1.0,0.14,0.1,1.0,1.0,2027502,59
,0.0,0.0,0.0,0.0,0.0,0.0,0.0,0.0,0.16,0.11,1.0,1.0,2028052,11
,0.0,0.0,0.0,0.0,0.0,0.0,0.0,0.0,0.14,0.09,1.0,1.0,2031245,4
0.005025125628140704,0.14285714285714285,0.0,0.3333333333333333,0.0,1.0,1.0,1.0,1.0,0.18,0.11,1.0,1.0,2031993,17
,0.0,0.0,0.0,0.0,0.0,0.0,0.0,0.0,0.18,0.1,1.0,1.0,2041007,10
0.005025125628140704,0.014705882352941176,0.0,0.0,0.0,0.0,0.0,1.0,1.0,0.16,0.1,1.0,1.0,2044604,50
,0.0,0.0,0.0,0.0,0.0,0.0,0.0,0.0,0.16,0.11,1.0,1.0,2046464,12
,0.0,0.0,0.0,0.0,0.0,0.0,0.0,0.0,0.14,0.08,1.0,1.0,2049698,19
,0.0,0.0,0.0,0.0,0.0,0.0,0.0,0.0,0.12,0.08,1.0,1.0,2050305,6
,0.0,0.0,0.0,0.0,0.0,0.0,0.0,0.0,0.16,0.1,1.0,1.0,2051170,2
,0.0,0.0,0.0,0.0,0.0,0.0,0.0,0.0,0.14,0.09,1.0,1.0,2052088,24
,0.0,0.0,0.0,0.0,0.0,0.0,0.0,0.0,0.1,0.07,1.0,1.0,2052394,6
,0.0,0.0,0.0,0.0,0.0,0.0,0.0,0.0,0.1,0.08,1.0,1.0,2052585,7
,0.0,0.0,0.0,0.0,0.0,0.0,0.0,0.0,0.1,0.07,1.0,1.0,2053307,9
0.005025125628140704,0.02564102564102564,0.0,0.0,0.0,0.0,1.0,1.0,1.0,0.18,0.1,1.0,1.0,2060487,74
,0.0,0.0,0.0,0.0,0.0,0.0,0.0,0.0,0.14,0.09,1.0,1.0,2062002,1
,0.0,0.0,0.0,0.0,0.0,0.0,0.0,0.0,0.16,0.09,1.0,1.0,2064670,12
0.005025125628140704,0.005405405405405406,0.0,0.0,0.0,0.0,0.0,0.0,1.0,0.12,0.08,1.0,1.0,2068006,16
,0.0,0.0,0.0,0.0,0.0,0.0,0.0,0.0,0.16,0.11,1.0,1.0,2069966,22
,0.0,0.0,0.0,0.0,0.0,0.0,0.0,0.0,0.18,0.1,1.0,1.0,2071560,28
,0.0,0.0,0.0,0.0,0.0,0.0,0.0,0.0,0.12,0.1,1.0,1.0,2078799,38
,0.0,0.0,0.0,0.0,0.0,0.0,0.0,0.0,0.18,0.11,1.0,1.0,2080681,6
,0.0,0.0,0.0,0.0,0.0,0.0,0.0,0.0,0.18,0.11,1.0,1.0,2088936,14
0.007575757575757576,0.012658227848101266,0.0,0.0,0.0,0.0,0.0,1.0,1.0,0.18,0.11,1.0,1.0,2091506,33
,0.0,0.0,0.0,0.0,0.0,0.0,0.0,0.0,0.14,0.09,1.0,1.0,2093437,40
,0.0,0.0,0.0,0.0,0.0,0.0,0.0,0.0,0.16,0.09,1.0,1.0,2096611,32
0.01015228426395939,0.045454545454545456,0.0,0.0,0.0,0.0,0.6666666666666666,0.6666666666666666,1.0,0.14,0.09,1.0,1.0,2097149,39
0.005025125628140704,0.0056179775280898875,0.0,0.0,0.0,0.0,0.0,0.0,1.0,0.14,0.1,1.0,1.0,2097831,37
0.005025125628140704,0.02857142857142857,0.0,0.0,0.0,0.0,1.0,1.0,1.0,0.2,0.1,1.0,1.0,2098487,54
,0.0,0.0,0.0,0.0,0.0,0.0,0.0,0.0,0.18,0.09,1.0,1.0,2099271,17
0.007575757575757576,0.04,0.0,0.0,0.0,0.0,0.5,0.5,1.0,0.16,0.11,1.0,1.0,2101786,29
,0.0,0.0,0.0,0.0,0.0,0.0,0.0,0.0,0.14,0.08,1.0,1.0,2102447,27
,0.0,0.0,0.0,0.0,0.0,0.0,0.0,0.0,0.16,0.08,1.0,1.0,2102752,2
,0.0,0.0,0.0,0.0,0.0,0.0,0.0,0.0,0.1,0.05,1.0,1.0,2105927,5
,0.0,0.0,0.0,0.0,0.0,0.0,0.0,0.0,0.2,0.12,1.0,1.0,2107360,24
,0.0,0.0,0.0,0.0,0.0,0.0,0.0,0.0,0.14,0.07,1.0,1.0,2108687,5
,0.0,0.0,0.0,0.0,0.0,0.0,0.0,0.0,0.18,0.1,1.0,1.0,2110847,30
,0.0,0.0,0.0,0.0,0.0,0.0,0.0,0.0,0.18,0.09,1.0,1.0,2110993,7
0.007575757575757576,0.034482758620689655,0.0,0.0,0.0,0.0,0.5,1.0,1.0,0.16,0.1,1.0,1.0,2113901,43
0.005025125628140704,0.00546448087431694,0.0,0.0,0.0,0.0,0.0,0.0,1.0,0.18,0.09,1.0,1.0,2118743,22
,0.0,0.0,0.0,0.0,0.0,0.0,0.0,0.0,0.18,0.11,1.0,1.0,2119764,10
,0.0,0.0,0.0,0.0,0.0,0.0,0.0,0.0,0.14,0.09,1.0,1.0,2121124,30
,0.0,0.0,0.0,0.0,0.0,0.0,0.0,0.0,0.1,0.08,1.0,1.0,2122044,6
,0.0,0.0,0.0,0.0,0.0,0.0,0.0,0.0,0.2,0.12,1.0,1.0,2122382,9
,0.0,0.0,0.0,0.0,0.0,0.0,0.0,0.0,0.16,0.08,1.0,1.0,2127351,17
0.005025125628140704,0.006622516556291391,0.0,0.0,0.0,0.0,0.0,0.0,1.0,0.18,0.11,1.0,1.0,2129565,26
,0.0,0.0,0.0,0.0,0.0,0.0,0.0,0.0,0.16,0.08,1.0,1.0,2130951,6
,0.0,0.0,0.0,0.0,0.0,0.0,0.0,0.0,0.14,0.09,1.0,1.0,2137076,3
0.007575757575757576,0.007874015748031496,0.0,0.0,0.0,0.0,0.0,0.0,1.0,0.18,0.1,1.0,1.0,2140356,49
,0.0,0.0,0.0,0.0,0.0,0.0,0.0,0.0,0.16,0.11,1.0,1.0,2140778,9
0.005025125628140704,0.0055248618784530384,0.0,0.0,0.0,0.0,0.0,0.0,1.0,0.18,0.1,1.0,1.0,2143620,72
,0.0,0.0,0.0,0.0,0.0,0.0,0.0,0.0,0.14,0.1,1.0,1.0,2145633,2
0.005025125628140704,0.018518518518518517,0.0,0.0,0.0,0.0,0.0,1.0,1.0,0.18,0.1,1.0,1.0,2149580,42
,0.0,0.0,0.0,0.0,0.0,0.0,0.0,0.0,0.16,0.11,1.0,1.0,2150451,10
,0.0,0.0,0.0,0.0,0.0,0.0,0.0,0.0,0.16,0.11,1.0,1.0,2152672,19
0.005025125628140704,0.125,0.0,0.31546487678572877,0.0,1.0,1.0,1.0,1.0,0.12,0.08,1.0,1.0,2160183,7
,0.0,0.0,0.0,0.0,0.0,0.0,0.0,0.0,0.18,0.11,1.0,1.0,2161139,25
,0.0,0.0,0.0,0.0,0.0,0.0,0.0,0.0,0.12,0.08,1.0,1.0,2168028,1
,0.0,0.0,0.0,0.0,0.0,0.0,0.0,0.0,0.14,0.09,1.0,1.0,2169267,34
,0.0,0.0,0.0,0.0,0.0,0.0,0.0,0.0,0.16,0.11,1.0,1.0,2169895,12
,0.0,0.0,0.0,0.0,0.0,0.0,0.0,0.0,0.16,0.09,1.0,1.0,2174590,3
0.005025125628140704,0.14285714285714285,0.0,0.3333333333333333,0.0,1.0,1.0,1.0,1.0,0.08,0.07,1.0,1.0,2177161,4
,0.0,0.0,0.0,0.0,0.0,0.0,0.0,0.0,0.1,0.09,1.0,1.0,2177426,28
,0.0,0.0,0.0,0.0,0.0,0.0,0.0,0.0,0.1,0.08,1.0,1.0,2179452,7
0.005025125628140704,0.007462686567164179,0.0,0.0,0.0,0.0,0.0,0.0,1.0,0.14,0.09,1.0,1.0,2179532,6
,0.0,0.0,0.0,0.0,0.0,0.0,0.0,0.0,0.16,0.1,1.0,1.0,2184359,1
,0.0,0.0,0.0,0.0,0.0,0.0,0.0,0.0,0.18,0.1,1.0,1.0,2185613,19
0.005025125628140704,0.02040816326530612,0.0,0.0,0.0,0.0,1.0,1.0,1.0,0.1,0.09,1.0,1.0,2186994,5
0.007575757575757576,0.01098901098901099,0.0,0.0,0.0,0.0,0.0,0.5,1.0,0.18,0.09,1.0,1.0,2190812,33
,0.0,0.0,0.0,0.0,0.0,0.0,0.0,0.0,0.1,0.08,1.0,1.0,2197793,5
0.005025125628140704,0.045454545454545456,0.0,0.0,0.0,0.0,1.0,1.0,1.0,0.18,0.09,1.0,1.0,2199061,22
,0.0,0.0,0.0,0.0,0.0,0.0,0.0,0.0,0.14,0.07,1.0,1.0,2200491,8
0.005025125628140704,0.0078125,0.0,0.0,0.0,0.0,0.0,0.0,1.0,0.16,0.09,1.0,1.0,2203548,13
,0.0,0.0,0.0,0.0,0.0,0.0,0.0,0.0,0.1,0.08,1.0,1.0,2204296,8
,0.0,0.0,0.0,0.0,0.0,0.0,0.0,0.0,0.18,0.11,1.0,1.0,2204341,14
,0.0,0.0,0.0,0.0,0.0,0.0,0.0,0.0,0.14,0.09,1.0,1.0,2204659,19
0.01015228426395939,0.041666666666666664,0.0,0.0,0.0,0.0,0.6666666666666666,0.6666666666666666,1.0,0.16,0.1,1.0,1.0,2212062,45
,0.0,0.0,0.0,0.0,0.0,0.0,0.0,0.0,0.18,0.11,1.0,1.0,2215648,53
0.007575757575757576,0.007575757575757576,0.0,0.0,0.0,0.0,0.0,0.0,1.0,0.18,0.1,1.0,1.0,2219455,5
,0.0,0.0,0.0,0.0,0.0,0.0,0.0,0.0,0.14,0.07,1.0,1.0,2219576,7
,0.0,0.0,0.0,0.0,0.0,0.0,0.0,0.0,0.18,0.12,1.0,1.0,2221814,33
,0.0,0.0,0.0,0.0,0.0,0.0,0.0,0.0,0.16,0.11,1.0,1.0,2224151,10
0.005025125628140704,0.0625,0.0,0.0,0.0,0.0,1.0,1.0,1.0,0.2,0.1,1.0,1.0,2226651,15
,0.0,0.0,0.0,0.0,0.0,0.0,0.0,0.0,0.04,0.05,1.0,1.0,2231824,2
0.005025125628140704,0.045454545454545456,0.0,0.0,0.0,0.0,1.0,1.0,1.0,0.18,0.1,1.0,1.0,2233002,22
,0.0,0.0,0.0,0.0,0.0,0.0,0.0,0.0,0.18,0.1,1.0,1.0,2234846,5
0.007575757575757576,0.013888888888888888,0.0,0.0,0.0,0.0,0.0,0.5,1.0,0.16,0.1,1.0,1.0,2236439,28
,0.0,0.0,0.0,0.0,0.0,0.0,0.0,0.0,0.16,0.1,1.0,1.0,2237131,6
0.005025125628140704,0.007352941176470588,0.0,0.0,0.0,0.0,0.0,0.0,1.0,0.22,0.11,1.0,1.0,2238657,22
,0.0,0.0,0.0,0.0,0.0,0.0,0.0,0.0,0.16,0.1,1.0,1.0,2240491,40
0.007575757575757576,0.008,0.0,0.0,0.0,0.0,0.0,0.0,1.0,0.18,0.11,1.0,1.0,2242311,35
,0.0,0.0,0.0,0.0,0.0,0.0,0.0,0.0,0.2,0.12,1.0,1.0,2242701,19
0.01015228426395939,0.02631578947368421,0.0,0.0,0.0,0.0,0.3333333333333333,0.3333333333333333,1.0,0.04,0.07,1.0,1.0,2245724,9
,0.0,0.0,0.0,0.0,0.0,0.0,0.0,0.0,0.14,0.09,1.0,1.0,2246122,24
0.007575757575757576,0.02040816326530612,0.0,0.0,0.0,0.0,0.5,0.5,1.0,0.16,0.09,1.0,1.0,2246162,35
,0.0,0.0,0.0,0.0,0.0,0.0,0.0,0.0,0.14,0.08,1.0,1.0,2246473,6
,0.0,0.0,0.0,0.0,0.0,0.0,0.0,0.0,0.14,0.1,1.0,1.0,2253077,5
0.012755102040816327,0.1,0.0,0.2890648263178879,0.0,0.25,0.5,1.0,1.0,0.1,0.08,1.0,1.0,2259512,54
,0.0,0.0,0.0,0.0,0.0,0.0,0.0,0.0,0.2,0.12,1.0,1.0,2261018,39
0.005025125628140704,0.005076142131979695,0.0,0.0,0.0,0.0,0.0,0.0,1.0,0.12,0.1,1.0,1.0,2261078,3
,0.0,0.0,0.0,0.0,0.0,0.0,0.0,0.0,0.16,0.1,1.0,1.0,2261768,8
,0.0,0.0,0.0,0.0,0.0,0.0,0.0,0.0,0.12,0.08,1.0,1.0,2264861,2
,0.0,0.0,0.0,0.0,0.0,0.0,0.0,0.0,0.18,0.1,1.0,1.0,2267404,7
,0.0,0.0,0.0,0.0,0.0,0.0,0.0,0.0,0.18,0.11,1.0,1.0,2269158,14
0.005025125628140704,0.05555555555555555,0.0,0.0,0.0,0.0,1.0,1.0,1.0,0.12,0.08,1.0,1.0,2273352,7
,0.0,0.0,0.0,0.0,0.0,0.0,0.0,0.0,0.06,0.05,1.0,1.0,2274641,4
0.01015228426395939,0.2,0.38685280723454163,0.38685280723454163,0.3333333333333333,0.3333333333333333,0.3333333333333333,0.6666666666666666,1.0,0.12,0.07,1.0,1.0,2281424,25
0.005025125628140704,0.01098901098901099,0.0,0.0,0.0,0.0,0.0,1.0,1.0,0.18,0.1,1.0,1.0,2282798,24
,0.0,0.0,0.0,0.0,0.0,0.0,0.0,0.0,0.12,0.08,1.0,1.0,2286284,5
,0.0,0.0,0.0,0.0,0.0,0.0,0.0,0.0,0.16,0.08,1.0,1.0,2286862,3
,0.0,0.0,0.0,0.0,0.0,0.0,0.0,0.0,0.12,0.09,1.0,1.0,2288494,10
0.005025125628140704,0.023255813953488372,0.0,0.0,0.0,0.0,1.0,1.0,1.0,0.12,0.09,1.0,1.0,2289040,3
0.007575757575757576,0.014492753623188406,0.0,0.0,0.0,0.0,0.0,0.5,1.0,0.16,0.09,1.0,1.0,2289794,54
,0.0,0.0,0.0,0.0,0.0,0.0,0.0,0.0,0.12,0.09,1.0,1.0,2291343,19
,0.0,0.0,0.0,0.0,0.0,0.0,0.0,0.0,0.16,0.09,1.0,1.0,2292659,3
,0.0,0.0,0.0,0.0,0.0,0.0,0.0,0.0,0.22,0.11,1.0,1.0,2296716,18
0.012755102040816327,0.05,0.0,0.0,0.0,0.0,0.25,0.75,1.0,0.14,0.09,1.0,1.0,2296992,16
,0.0,0.0,0.0,0.0,0.0,0.0,0.0,0.0,0.08,0.07,1.0,1.0,2300835,2
,0.0,0.0,0.0,0.0,0.0,0.0,0.0,0.0,0.16,0.12,1.0,1.0,2301568,36
,0.0,0.0,0.0,0.0,0.0,0.0,0.0,0.0,0.14,0.09,1.0,1.0,2306145,5
,0.0,0.0,0.0,0.0,0.0,0.0,0.0,0.0,0.18,0.1,1.0,1.0,2306684,3
,0.0,0.0,0.0,0.0,0.0,0.0,0.0,0.0,0.18,0.11,1.0,1.0,2306736,13
0.005025125628140704,0.005988023952095809,0.0,0.0,0.0,0.0,0.0,0.0,1.0,0.16,0.1,1.0,1.0,2309232,6
,0.0,0.0,0.0,0.0,0.0,0.0,0.0,0.0,0.16,0.08,1.0,1.0,2309927,5
,0.0,0.0,0.0,0.0,0.0,0.0,0.0,0.0,0.16,0.1,1.0,1.0,2311056,34
,0.0,0.0,0.0,0.0,0.0,0.0,0.0,0.0,0.08,0.07,1.0,1.0,2311358,5
,0.0,0.0,0.0,0.0,0.0,0.0,0.0,0.0,0.16,0.1,1.0,1.0,2314610,5
,0.0,0.0,0.0,0.0,0.0,0.0,0.0,0.0,0.08,0.05,1.0,1.0,2315641,1
0.005025125628140704,0.043478260869565216,0.0,0.0,0.0,0.0,1.0,1.0,1.0,0.14,0.09,1.0,1.0,2318116,16
,0.0,0.0,0.0,0.0,0.0,0.0,0.0,0.0,0.14,0.09,1.0,1.0,2319846,33
0.005025125628140704,0.0051813471502590676,0.0,0.0,0.0,0.0,0.0,0.0,1.0,0.18,0.1,1.0,1.0,2322092,1
,0.0,0.0,0.0,0.0,0.0,0.0,0.0,0.0,0.16,0.08,1.0,1.0,2326529,18
0.005025125628140704,0.015873015873015872,0.0,0.0,0.0,0.0,0.0,1.0,1.0,0.18,0.11,1.0,1.0,2326725,66
,0.0,0.0,0.0,0.0,0.0,0.0,0.0,0.0,0.16,0.11,1.0,1.0,2340535,21
,0.0,0.0,0.0,0.0,0.0,0.0,0.0,0.0,0.06,0.06,1.0,1.0,2342077,11
,0.0,0.0,0.0,0.0,0.0,0.0,0.0,0.0,0.12,0.09,1.0,1.0,2347213,12
,0.0,0.0,0.0,0.0,0.0,0.0,0.0,0.0,0.16,0.11,1.0,1.0,2354308,2
,0.0,0.0,0.0,0.0,0.0,0.0,0.0,0.0,0.16,0.11,1.0,1.0,2357837,8
,0.0,0.0,0.0,0.0,0.0,0.0,0.0,0.0,0.14,0.08,1.0,1.0,2361405,8
,0.0,0.0,0.0,0.0,0.0,0.0,0.0,0.0,0.18,0.09,1.0,1.0,2367633,12
,0.0,0.0,0.0,0.0,0.0,0.0,0.0,0.0,0.14,0.08,1.0,1.0,2368248,4
,0.0,0.0,0.0,0.0,0.0,0.0,0.0,0.0,0.16,0.11,1.0,1.0,2368664,14
,0.0,0.0,0.0,0.0,0.0,0.0,0.0,0.0,0.12,0.08,1.0,1.0,2368665,10
,0.0,0.0,0.0,0.0,0.0,0.0,0.0,0.0,0.14,0.1,1.0,1.0,2370275,39
0.007575757575757576,0.007936507936507936,0.0,0.0,0.0,0.0,0.0,0.0,1.0,0.16,0.12,1.0,1.0,2370657,54
,0.0,0.0,0.0,0.0,0.0,0.0,0.0,0.0,0.18,0.12,1.0,1.0,2374711,1
,0.0,0.0,0.0,0.0,0.0,0.0,0.0,0.0,0.16,0.11,1.0,1.0,2375786,3
0.005025125628140704,0.00819672131147541,0.0,0.0,0.0,0.0,0.0,0.0,1.0,0.14,0.09,1.0,1.0,2377698,13
0.007575757575757576,0.034482758620689655,0.0,0.0,0.0,0.0,0.5,0.5,1.0,0.1,0.06,1.0,1.0,2378157,34
0.007575757575757576,1.0,1.0,1.0,0.5,0.5,0.5,0.5,1.0,0.18,0.11,1.0,1.0,2379844,18
0.005025125628140704,0.02631578947368421,0.0,0.0,0.0,0.0,1.0,1.0,1.0,0.18,0.1,1.0,1.0,2383262,11
,0.0,0.0,0.0,0.0,0.0,0.0,0.0,0.0,0.16,0.08,1.0,1.0,2385834,44
,0.0,0.0,0.0,0.0,0.0,0.0,0.0,0.0,0.12,0.09,1.0,1.0,2386307,4
0.007575757575757576,0.038461538461538464,0.0,0.0,0.0,0.0,0.5,0.5,1.0,0.1,0.08,1.0,1.0,2390691,17
,0.0,0.0,0.0,0.0,0.0,0.0,0.0,0.0,0.08,0.06,1.0,1.0,2392529,5
,0.0,0.0,0.0,0.0,0.0,0.0,0.0,0.0,0.08,0.04,1.0,1.0,2392766,10
,0.0,0.0,0.0,0.0,0.0,0.0,0.0,0.0,0.1,0.07,1.0,1.0,2395129,2
,0.0,0.0,0.0,0.0,0.0,0.0,0.0,0.0,0.1,0.08,1.0,1.0,2395238,8
0.005025125628140704,0.00909090909090909,0.0,0.0,0.0,0.0,0.0,0.0,1.0,0.1,0.05,1.0,1.0,2395985,21
0.005025125628140704,0.012195121951219513,0.0,0.0,0.0,0.0,0.0,1.0,1.0,0.02,0.01,1.0,1.0,2403487,7
,0.0,0.0,0.0,0.0,0.0,0.0,0.0,0.0,0.14,0.08,1.0,1.0,2405002,1
,0.0,0.0,0.0,0.0,0.0,0.0,0.0,0.0,0.12,0.08,1.0,1.0,2405882,7
0.005025125628140704,0.008849557522123894,0.0,0.0,0.0,0.0,0.0,0.0,1.0,0.06,0.07,1.0,1.0,2406851,9
0.005025125628140704,0.02,0.0,0.0,0.0,0.0,1.0,1.0,1.0,0.18,0.12,1.0,1.0,2413234,46
0.005025125628140704,0.005555555555555556,0.0,0.0,0.0,0.0,0.0,0.0,1.0,0.14,0.09,1.0,1.0,2414221,18
,0.0,0.0,0.0,0.0,0.0,0.0,0.0,0.0,0.14,0.09,1.0,1.0,2414972,18
0.007575757575757576,0.043478260869565216,0.0,0.0,0.0,0.0,0.5,0.5,1.0,0.2,0.11,1.0,1.0,2415367,48
,0.0,0.0,0.0,0.0,0.0,0.0,0.0,0.0,0.16,0.1,1.0,1.0,2417699,2
,0.0,0.0,0.0,0.0,0.0,0.0,0.0,0.0,0.14,0.09,1.0,1.0,2419900,4
0.012755102040816327,0.012987012987012988,0.0,0.0,0.0,0.0,0.0,0.5,1.0,0.12,0.08,1.0,1.0,2420256,40
,0.0,0.0,0.0,0.0,0.0,0.0,0.0,0.0,0.18,0.1,1.0,1.0,2421328,20
,0.0,0.0,0.0,0.0,0.0,0.0,0.0,0.0,0.06,0.03,1.0,1.0,2422795,7
,0.0,0.0,0.0,0.0,0.0,0.0,0.0,0.0,0.14,0.1,1.0,1.0,2430015,26
,0.0,0.0,0.0,0.0,0.0,0.0,0.0,0.0,0.22,0.12,1.0,1.0,2430325,5
,0.0,0.0,0.0,0.0,0.0,0.0,0.0,0.0,0.06,0.05,1.0,1.0,2432239,3
,0.0,0.0,0.0,0.0,0.0,0.0,0.0,0.0,0.18,0.11,1.0,1.0,2433810,27
,0.0,0.0,0.0,0.0,0.0,0.0,0.0,0.0,0.16,0.09,1.0,1.0,2435758,7
0.005025125628140704,0.02564102564102564,0.0,0.0,0.0,0.0,1.0,1.0,1.0,0.14,0.08,1.0,1.0,2436049,6
0.005025125628140704,0.0125,0.0,0.0,0.0,0.0,0.0,1.0,1.0,0.14,0.1,1.0,1.0,2436485,6
,0.0,0.0,0.0,0.0,0.0,0.0,0.0,0.0,0.16,0.1,1.0,1.0,2439350,21
0.005025125628140704,0.05263157894736842,0.0,0.0,0.0,0.0,1.0,1.0,1.0,0.14,0.09,1.0,1.0,2440016,5
,0.0,0.0,0.0,0.0,0.0,0.0,0.0,0.0,0.14,0.1,1.0,1.0,2441058,1
,0.0,0.0,0.0,0.0,0.0,0.0,0.0,0.0,0.16,0.1,1.0,1.0,2442769,10
,0.0,0.0,0.0,0.0,0.0,0.0,0.0,0.0,0.12,0.09,1.0,1.0,2446890,16
,0.0,0.0,0.0,0.0,0.0,0.0,0.0,0.0,0.12,0.07,1.0,1.0,2448496,11
,0.0,0.0,0.0,0.0,0.0,0.0,0.0,0.0,0.14,0.1,1.0,1.0,2448666,1
,0.0,0.0,0.0,0.0,0.0,0.0,0.0,0.0,0.18,0.12,1.0,1.0,2455851,1
0.005025125628140704,0.008928571428571428,0.0,0.0,0.0,0.0,0.0,0.0,1.0,0.16,0.08,1.0,1.0,2456550,25
,0.0,0.0,0.0,0.0,0.0,0.0,0.0,0.0,0.1,0.07,1.0,1.0,2459190,5
,0.0,0.0,0.0,0.0,0.0,0.0,0.0,0.0,0.16,0.09,1.0,1.0,2468575,15
,0.0,0.0,0.0,0.0,0.0,0.0,0.0,0.0,0.14,0.09,1.0,1.0,2469753,1
,0.0,0.0,0.0,0.0,0.0,0.0,0.0,0.0,0.14,0.08,1.0,1.0,2471516,17
0.005025125628140704,0.008130081300813009,0.0,0.0,0.0,0.0,0.0,0.0,1.0,0.12,0.06,1.0,1.0,2471663,32
,0.0,0.0,0.0,0.0,0.0,0.0,0.0,0.0,0.14,0.07,1.0,1.0,2472443,4
0.005025125628140704,0.2,0.38685280723454163,0.38685280723454163,1.0,1.0,1.0,1.0,1.0,0.16,0.08,1.0,1.0,2473314,17
0.005025125628140704,0.025,0.0,0.0,0.0,0.0,1.0,1.0,1.0,0.16,0.11,1.0,1.0,2484251,12
,0.0,0.0,0.0,0.0,0.0,0.0,0.0,0.0,0.16,0.09,1.0,1.0,2485057,6
0.005025125628140704,0.0070921985815602835,0.0,0.0,0.0,0.0,0.0,0.0,1.0,0.18,0.12,1.0,1.0,2489496,12
,0.0,0.0,0.0,0.0,0.0,0.0,0.0,0.0,0.12,0.07,1.0,1.0,2490102,16
,0.0,0.0,0.0,0.0,0.0,0.0,0.0,0.0,0.14,0.09,1.0,1.0,2497547,3
,0.0,0.0,0.0,0.0,0.0,0.0,0.0,0.0,0.16,0.11,1.0,1.0,2498083,9
0.005025125628140704,0.005376344086021506,0.0,0.0,0.0,0.0,0.0,0.0,1.0,0.12,0.09,1.0,1.0,2498205,50
,0.0,0.0,0.0,0.0,0.0,0.0,0.0,0.0,0.1,0.08,1.0,1.0,2499516,6
,0.0,0.0,0.0,0.0,0.0,0.0,0.0,0.0,0.16,0.1,1.0,1.0,2504639,39
0.005025125628140704,0.015384615384615385,0.0,0.0,0.0,0.0,0.0,1.0,1.0,0.16,0.1,1.0,1.0,2505050,26
,0.0,0.0,0.0,0.0,0.0,0.0,0.0,0.0,0.12,0.06,1.0,1.0,2507809,2
,0.0,0.0,0.0,0.0,0.0,0.0,0.0,0.0,0.16,0.1,1.0,1.0,2515364,4
,0.0,0.0,0.0,0.0,0.0,0.0,0.0,0.0,0.16,0.09,1.0,1.0,2516014,18
,0.0,0.0,0.0,0.0,0.0,0.0,0.0,0.0,0.18,0.1,1.0,1.0,2520299,5
,0.0,0.0,0.0,0.0,0.0,0.0,0.0,0.0,0.1,0.09,1.0,1.0,2521826,6
,0.0,0.0,0.0,0.0,0.0,0.0,0.0,0.0,0.16,0.11,1.0,1.0,2524240,38
0.007575757575757576,0.027777777777777776,0.0,0.0,0.0,0.0,0.5,1.0,1.0,0.16,0.09,1.0,1.0,2528780,33
,0.0,0.0,0.0,0.0,0.0,0.0,0.0,0.0,0.12,0.07,1.0,1.0,2530482,3
,0.0,0.0,0.0,0.0,0.0,0.0,0.0,0.0,0.18,0.09,1.0,1.0,2535626,6
,0.0,0.0,0.0,0.0,0.0,0.0,0.0,0.0,0.22,0.12,1.0,1.0,2535843,2
,0.0,0.0,0.0,0.0,0.0,0.0,0.0,0.0,0.18,0.1,1.0,1.0,2540950,68
,0.0,0.0,0.0,0.0,0.0,0.0,0.0,0.0,0.18,0.1,1.0,1.0,2542145,7
0.005025125628140704,0.014084507042253521,0.0,0.0,0.0,0.0,0.0,1.0,1.0,0.14,0.08,1.0,1.0,2547921,14
,0.0,0.0,0.0,0.0,0.0,0.0,0.0,0.0,0.16,0.1,1.0,1.0,2547943,7
,0.0,0.0,0.0,0.0,0.0,0.0,0.0,0.0,0.16,0.09,1.0,1.0,2548347,20
0.005025125628140704,0.005263157894736842,0.0,0.0,0.0,0.0,0.0,0.0,1.0,0.14,0.08,1.0,1.0,2553426,46
,0.0,0.0,0.0,0.0,0.0,0.0,0.0,0.0,0.16,0.1,1.0,1.0,2553878,8
,0.0,0.0,0.0,0.0,0.0,0.0,0.0,0.0,0.08,0.05,1.0,1.0,2557126,6
,0.0,0.0,0.0,0.0,0.0,0.0,0.0,0.0,0.16,0.1,1.0,1.0,2559323,13
,0.0,0.0,0.0,0.0,0.0,0.0,0.0,0.0,0.16,0.1,1.0,1.0,2561387,24
,0.0,0.0,0.0,0.0,0.0,0.0,0.0,0.0,0.1,0.08,1.0,1.0,2562959,2
0.007575757575757576,0.027777777777777776,0.0,0.0,0.0,0.0,0.5,0.5,1.0,0.12,0.09,1.0,1.0,2564495,13
0.01015228426395939,0.022727272727272728,0.0,0.0,0.0,0.0,0.3333333333333333,0.3333333333333333,1.0,0.04,0.02,1.0,1.0,2566470,11
0.005025125628140704,0.006369426751592357,0.0,0.0,0.0,0.0,0.0,0.0,1.0,0.1,0.09,1.0,1.0,2566955,37
,0.0,0.0,0.0,0.0,0.0,0.0,0.0,0.0,0.14,0.1,1.0,1.0,2573441,6
0.007575757575757576,0.1111111111111111,0.0,0.3010299956639812,0.0,0.5,0.5,0.5,1.0,0.2,0.13,1.0,1.0,2574644,28
0.005025125628140704,0.005128205128205128,0.0,0.0,0.0,0.0,0.0,0.0,1.0,0.16,0.11,1.0,1.0,2575952,32
,0.0,0.0,0.0,0.0,0.0,0.0,0.0,0.0,0.14,0.1,1.0,1.0,2578206,10
,0.0,0.0,0.0,0.0,0.0,0.0,0.0,0.0,0.12,0.08,1.0,1.0,2579603,16
0.005025125628140704,0.02,0.0,0.0,0.0,0.0,1.0,1.0,1.0,0.22,0.11,1.0,1.0,2581162,24
0.005025125628140704,0.011494252873563218,0.0,0.0,0.0,0.0,0.0,1.0,1.0,0.22,0.11,1.0,1.0,2583035,36
0.005025125628140704,0.007518796992481203,0.0,0.0,0.0,0.0,0.0,0.0,1.0,0.1,0.07,1.0,1.0,2583477,13
,0.0,0.0,0.0,0.0,0.0,0.0,0.0,0.0,0.18,0.11,1.0,1.0,2585449,20
